16,0,10000,128,128,0.428689,10.061386,8.547981
16,0,10000,128,32,0.486501,9.208759,9.403550
16,0,10000,128,64,0.479026,8.121139,10.453065
16,0,10000,256,128,0.486150,9.680209,8.897465
16,0,10000,256,32,0.495494,6.802568,11.773712
16,0,10000,256,64,0.504035,4.356515,14.230498
16,0,10000,64,128,0.432605,1.041760,8.070340
16,0,10000,64,32,0.479181,4.165186,8.081487
16,0,10000,64,64,0.453662,1.045682,9.099522
16,0,1000,128,128,0.449982,11.362635,7.447085
16,0,1000,128,32,0.440325,15.118057,4.506675
16,0,1000,128,64,0.448729,14.638341,4.598803
16,0,1000,256,128,0.415504,12.830945,5.642423
16,0,1000,256,32,0.468667,12.218908,6.533737
16,0,1000,256,64,0.407094,12.318438,6.805898
16,0,1000,64,128,0.405333,8.752708,3.265470
16,0,1000,64,32,0.473973,6.150791,2.999408
16,0,1000,64,64,0.388016,5.744851,5.263522
16,10,10000,128,128,0.427595,9.193585,9.415823
16,10,10000,128,32,0.485327,9.757486,8.854754
16,10,10000,128,64,0.478032,8.848632,9.725469
16,10,10000,256,128,0.484896,9.753586,8.824282
16,10,10000,256,32,0.489322,8.219821,10.354926
16,10,10000,256,64,0.503886,7.703522,10.881731
16,10,10000,64,128,0.431510,1.102038,8.010375
16,10,10000,64,32,0.477818,4.147660,8.099359
16,10,10000,64,64,0.439979,1.640254,8.505003
16,10,1000,128,128,0.449887,12.142007,6.655696
16,10,1000,128,32,0.439116,15.090767,4.533980
16,10,1000,128,64,0.448521,14.682646,4.554465
16,10,1000,256,128,0.414270,12.528271,5.945013
16,10,1000,256,32,0.467624,13.091798,5.661120
16,10,1000,256,64,0.405654,12.250281,6.874127
16,10,1000,64,128,0.404075,8.733721,3.284286
16,10,1000,64,32,0.468622,6.136165,3.014242
16,10,1000,64,64,0.386819,5.715067,5.293338
16,11,10000,128,128,0.428486,7.680144,10.930785
16,11,10000,128,32,0.486330,2.880539,15.731778
16,11,10000,128,64,0.478869,8.648307,9.926430
16,11,10000,256,128,0.485812,9.552000,9.025862
16,11,10000,256,32,0.495494,8.326781,10.247870
16,11,10000,256,64,0.503887,8.027856,10.557429
16,11,10000,64,128,0.432493,0.920032,8.192005
16,11,10000,64,32,0.479118,3.977399,8.269712
16,11,10000,64,64,0.453448,1.880009,8.265280
16,11,1000,128,128,0.449905,11.360232,7.438037
16,11,1000,128,32,0.440183,8.329259,11.296073
16,11,1000,128,64,0.448642,14.189806,5.047680
16,11,1000,256,128,0.415320,11.992164,6.481214
16,11,1000,256,32,0.468587,12.824145,5.928799
16,11,1000,256,64,0.406847,11.557551,7.567625
16,11,1000,64,128,0.405162,6.110469,5.908023
16,11,1000,64,32,0.473724,5.948453,3.202043
16,11,1000,64,64,0.387891,4.787433,6.220676
16,12,10000,128,128,0.428443,10.109350,8.500051
16,12,10000,128,32,0.486346,9.672574,8.939688
16,12,10000,128,64,0.478858,8.966994,9.607242
16,12,10000,256,128,0.485833,9.761950,8.815643
16,12,10000,256,32,0.495485,8.658806,9.915836
16,12,10000,256,64,0.503924,8.248367,10.336862
16,12,10000,64,128,0.432366,1.230959,7.881193
16,12,10000,64,32,0.479031,4.361983,7.884264
16,12,10000,64,64,0.453491,2.181341,7.963880
16,12,1000,128,128,0.449786,13.067042,5.730693
16,12,1000,128,32,0.440104,12.830660,6.793784
16,12,1000,128,64,0.448577,14.219615,5.017905
16,12,1000,256,128,0.415226,12.968283,5.505168
16,12,1000,256,32,0.468508,12.782835,5.970743
16,12,1000,256,64,0.406771,13.181115,5.943804
16,12,1000,64,128,0.405175,8.814240,3.204397
16,12,1000,64,32,0.473640,5.995182,3.155207
16,12,1000,64,64,0.387860,7.796557,3.211542
16,13,10000,128,128,0.427589,8.556619,10.054797
16,13,10000,128,32,0.486250,9.228072,9.384366
16,13,10000,128,64,0.478874,6.458232,12.116508
16,13,10000,256,128,0.485755,6.839481,11.741805
16,13,10000,256,32,0.495470,2.826847,15.753265
16,13,10000,256,64,0.503914,0.556631,18.034485
16,13,10000,64,128,0.432429,1.060322,8.051874
16,13,10000,64,32,0.479085,4.195044,8.051128
16,13,10000,64,64,0.453569,2.061279,8.083956
16,13,1000,128,128,0.449758,1.993578,16.818002
16,13,1000,128,32,0.440096,3.303160,16.321512
16,13,1000,128,64,0.448689,1.016395,18.221348
16,13,1000,256,128,0.415179,1.893265,16.592088
16,13,1000,256,32,0.468531,6.096239,12.656623
16,13,1000,256,64,0.406788,2.387516,16.752457
16,13,1000,64,128,0.405208,3.524225,8.494371
16,13,1000,64,32,0.460031,1.103165,8.047291
16,13,1000,64,64,0.387883,4.829687,6.178412
16,14,10000,128,128,0.428503,7.690335,10.919163
16,14,10000,128,32,0.486234,9.326459,9.285851
16,14,10000,128,64,0.478840,5.691197,12.885207
16,14,10000,256,128,0.485635,7.973338,10.607660
16,14,10000,256,32,0.495466,2.626793,15.955127
16,14,10000,256,64,0.503824,9.930058,8.655237
16,14,10000,64,128,0.432474,1.043217,8.068955
16,14,10000,64,32,0.479065,4.141423,8.104791
16,14,10000,64,64,0.453427,2.051653,8.093647
16,14,1000,128,128,0.449812,8.169428,10.642868
16,14,1000,128,32,0.440223,8.652571,10.972134
16,14,1000,128,64,0.448481,13.490993,5.747264
16,14,1000,256,128,0.415174,12.342594,6.130756
16,14,1000,256,32,0.468538,9.666315,9.087232
16,14,1000,256,64,0.406661,12.781579,6.343472
16,14,1000,64,128,0.405161,5.332245,6.686513
16,14,1000,64,32,0.473699,5.698776,3.451618
16,14,1000,64,64,0.387889,7.490723,3.517376
16,15,10000,128,128,0.428484,8.838975,9.770360
16,15,10000,128,32,0.485624,7.249178,11.368870
16,15,10000,128,64,0.478820,2.345571,16.234652
16,15,10000,256,128,0.485693,5.826305,12.757537
16,15,10000,256,32,0.495368,5.048659,13.531723
16,15,10000,256,64,0.503371,10.026118,8.559153
16,15,10000,64,128,0.432412,1.059583,8.052513
16,15,10000,64,32,0.479084,4.220204,8.026557
16,15,10000,64,64,0.453565,1.883859,8.261377
16,15,1000,128,128,0.449712,4.575931,14.236837
16,15,1000,128,32,0.440110,7.295605,12.328748
16,15,1000,128,64,0.448599,12.566177,6.671275
16,15,1000,256,128,0.415250,8.740675,9.732653
16,15,1000,256,32,0.468483,5.822630,12.930846
16,15,1000,256,64,0.406741,9.864677,9.274886
16,15,1000,64,128,0.405162,4.903466,7.114726
16,15,1000,64,32,0.472645,3.771945,5.378607
16,15,1000,64,64,0.387864,3.404798,7.603393
16,1,10000,128,128,0.428844,4.851982,13.763008
16,1,10000,128,32,0.486377,6.960712,11.651570
16,1,10000,128,64,0.478937,6.541023,12.035184
16,1,10000,256,128,0.485799,8.272270,10.307504
16,1,10000,256,32,0.495460,4.693485,13.883058
16,1,10000,256,64,0.503892,3.981741,14.608587
16,1,10000,64,128,0.432406,1.135201,7.976942
16,1,10000,64,32,0.479119,4.176455,8.070365
16,1,10000,64,64,0.453585,1.986824,8.158449
16,1,1000,128,128,0.449834,9.770043,9.042868
16,1,1000,128,32,0.440262,15.130810,4.493802
16,1,1000,128,64,0.448729,14.644081,4.592807
16,1,1000,256,128,0.415302,12.848016,5.625421
16,1,1000,256,32,0.468539,10.150696,8.601955
16,1,1000,256,64,0.406804,12.015617,7.109489
16,1,1000,64,128,0.404636,8.296469,3.721697
16,1,1000,64,32,0.473673,6.167121,2.983251
16,1,1000,64,64,0.387845,5.074701,5.933513
16,2,10000,128,128,0.428500,9.912619,8.696789
16,2,10000,128,32,0.486356,3.117238,15.495116
16,2,10000,128,64,0.478822,7.898243,10.676016
16,2,10000,256,128,0.485752,9.740902,8.836952
16,2,10000,256,32,0.495514,6.545220,12.031185
16,2,10000,256,64,0.503993,3.676130,14.912984
16,2,10000,64,128,0.432440,1.061894,8.050217
16,2,10000,64,32,0.479140,4.158685,8.088071
16,2,10000,64,64,0.453536,2.002861,8.142369
16,2,1000,128,128,0.449825,10.095863,8.714828
16,2,1000,128,32,0.440212,15.129037,4.495727
16,2,1000,128,64,0.447973,14.613719,4.623359
16,2,1000,256,128,0.415292,12.846636,5.626707
16,2,1000,256,32,0.468622,11.604076,7.148880
16,2,1000,256,64,0.406758,12.246446,6.878114
16,2,1000,64,128,0.405165,8.576325,3.441740
16,2,1000,64,32,0.473671,6.119537,3.030876
16,2,1000,64,64,0.387950,5.453042,5.555308
16,3,10000,128,128,0.428627,9.549561,9.059791
16,3,10000,128,32,0.486459,4.666320,13.945972
16,3,10000,128,64,0.478251,9.040314,9.533956
16,3,10000,256,128,0.485838,8.989142,9.588782
16,3,10000,256,32,0.495450,8.326049,10.248659
16,3,10000,256,64,0.503908,7.955360,10.629814
16,3,10000,64,128,0.432526,1.076419,8.035644
16,3,10000,64,32,0.479080,4.177115,8.069639
16,3,10000,64,64,0.453546,2.015978,8.129302
16,3,1000,128,128,0.449776,13.225145,5.572782
16,3,1000,128,32,0.440196,15.157201,4.467597
16,3,1000,128,64,0.448663,14.676297,4.560752
16,3,1000,256,128,0.415253,12.833165,5.640444
16,3,1000,256,32,0.468510,12.900891,5.851864
16,3,1000,256,64,0.406734,11.725423,7.399381
16,3,1000,64,128,0.405189,8.556493,3.461652
16,3,1000,64,32,0.473643,6.170020,2.980419
16,3,1000,64,64,0.387835,5.465764,5.542416
16,4,10000,128,128,0.428401,10.204545,8.404795
16,4,10000,128,32,0.486397,10.206120,8.406226
16,4,10000,128,64,0.478819,8.998158,9.576103
16,4,10000,256,128,0.485918,8.991636,9.586008
16,4,10000,256,32,0.495456,8.324147,10.250560
16,4,10000,256,64,0.503923,7.910644,10.674577
16,4,10000,64,128,0.432464,1.072020,8.040153
16,4,10000,64,32,0.479120,4.162379,8.084450
16,4,10000,64,64,0.453505,1.969174,8.176117
16,4,1000,128,128,0.449824,12.691358,6.106469
16,4,1000,128,32,0.440236,15.118754,4.516483
16,4,1000,128,64,0.448608,14.594518,4.642654
16,4,1000,256,128,0.415176,12.783717,5.689717
16,4,1000,256,32,0.468584,12.873795,5.878939
16,4,1000,256,64,0.406801,12.111468,7.013116
16,4,1000,64,128,0.405119,8.477525,3.540569
16,4,1000,64,32,0.473667,6.000048,3.150403
16,4,1000,64,64,0.387960,5.300725,5.707648
16,5,10000,128,128,0.428601,9.307233,9.302088
16,5,10000,128,32,0.486364,10.257407,8.354871
16,5,10000,128,64,0.478902,9.129231,9.444983
16,5,10000,256,128,0.485861,9.037258,9.540470
16,5,10000,256,32,0.495501,7.761027,10.813581
16,5,10000,256,64,0.503855,8.218412,10.366816
16,5,10000,64,128,0.432410,1.057180,8.054920
16,5,10000,64,32,0.479040,0.903290,11.343456
16,5,10000,64,64,0.453522,1.998651,8.146542
16,5,1000,128,128,0.449787,13.220787,5.577012
16,5,1000,128,32,0.440209,15.136108,4.488656
16,5,1000,128,64,0.448409,14.628288,4.608741
16,5,1000,256,128,0.415349,11.821139,6.652258
16,5,1000,256,32,0.468483,12.561438,6.191292
16,5,1000,256,64,0.406714,12.031872,7.093452
16,5,1000,64,128,0.404797,7.426292,4.591806
16,5,1000,64,32,0.473700,6.169786,2.980650
16,5,1000,64,64,0.387146,4.512297,6.495820
16,6,10000,128,128,0.428537,10.240114,8.369358
16,6,10000,128,32,0.486369,10.032533,8.579719
16,6,10000,128,64,0.478862,8.883912,9.690231
16,6,10000,256,128,0.485825,2.556984,16.026347
16,6,10000,256,32,0.495373,8.266275,10.308329
16,6,10000,256,64,0.503980,7.953205,10.632030
16,6,10000,64,128,0.432515,1.142784,7.969254
16,6,10000,64,32,0.478960,4.235961,8.010760
16,6,10000,64,64,0.453566,2.029257,8.116021
16,6,1000,128,128,0.449348,12.490840,6.318638
16,6,1000,128,32,0.440123,15.153421,4.471335
16,6,1000,128,64,0.448270,14.643816,4.593202
16,6,1000,256,128,0.415140,12.853209,5.620223
16,6,1000,256,32,0.468528,12.306418,6.446541
16,6,1000,256,64,0.406780,12.383411,6.741127
16,6,1000,64,128,0.405196,8.775006,3.243135
16,6,1000,64,32,0.473661,6.155853,2.994564
16,6,1000,64,64,0.387856,5.769153,5.239131
16,7,10000,128,128,0.428548,9.146907,9.462516
16,7,10000,128,32,0.486337,10.012445,8.599812
16,7,10000,128,64,0.478875,9.133175,9.441025
16,7,10000,256,128,0.485716,3.284633,15.298480
16,7,10000,256,32,0.495433,8.674382,9.900241
16,7,10000,256,64,0.503964,8.300015,10.285249
16,7,10000,64,128,0.432494,1.093632,8.018478
16,7,10000,64,32,0.479047,4.167657,8.079153
16,7,10000,64,64,0.453591,1.907929,8.237400
16,7,1000,128,128,0.449929,13.183096,5.614742
16,7,1000,128,32,0.440199,15.130003,4.494863
16,7,1000,128,64,0.448743,14.653052,4.583977
16,7,1000,256,128,0.415169,12.853554,5.620023
16,7,1000,256,32,0.468479,13.134204,5.618384
16,7,1000,256,64,0.406818,12.338639,6.786720
16,7,1000,64,128,0.405202,8.705953,3.312225
16,7,1000,64,32,0.473715,6.160851,2.989662
16,7,1000,64,64,0.387920,5.768646,5.239548
16,8,10000,128,128,0.428362,9.400183,9.209208
16,8,10000,128,32,0.486278,4.520853,14.091463
16,8,10000,128,64,0.478947,8.533070,10.041172
16,8,10000,256,128,0.485983,9.389371,9.188383
16,8,10000,256,32,0.495425,6.379118,12.196866
16,8,10000,256,64,0.503879,6.192394,12.392800
16,8,10000,64,128,0.432409,1.121069,7.991423
16,8,10000,64,32,0.479100,4.175242,8.071726
16,8,10000,64,64,0.453539,1.984012,8.161202
16,8,1000,128,128,0.449797,11.648101,7.161430
16,8,1000,128,32,0.439733,15.177945,4.446743
16,8,1000,128,64,0.448569,14.669421,4.567514
16,8,1000,256,128,0.415368,12.774075,5.699076
16,8,1000,256,32,0.468493,12.311099,6.441593
16,8,1000,256,64,0.406741,12.345283,6.779129
16,8,1000,64,128,0.405086,8.668885,3.349290
16,8,1000,64,32,0.473772,6.179863,2.970471
16,8,1000,64,64,0.387945,5.694498,5.313786
16,9,10000,128,128,0.428714,10.215114,8.394069
16,9,10000,128,32,0.486257,9.987593,8.624756
16,9,10000,128,64,0.478774,6.324974,12.249486
16,9,10000,256,128,0.485847,9.039003,9.538881
16,9,10000,256,32,0.495427,8.512318,10.062350
16,9,10000,256,64,0.503809,8.254518,10.330769
16,9,10000,64,128,0.432343,1.074923,8.037186
16,9,10000,64,32,0.479101,4.141113,8.105667
16,9,10000,64,64,0.453350,1.939175,8.206063
16,9,1000,128,128,0.449758,12.504918,6.293061
16,9,1000,128,32,0.440149,15.133171,4.491588
16,9,1000,128,64,0.448642,14.657538,4.579446
16,9,1000,256,128,0.415212,12.509532,5.963815
16,9,1000,256,32,0.468374,12.843312,5.909599
16,9,1000,256,64,0.406651,11.555534,7.569858
16,9,1000,64,128,0.404970,7.437059,4.581097
16,9,1000,64,32,0.473535,6.023411,3.126987
16,9,1000,64,64,0.387667,4.730160,6.277996
1,0,10000,128,128,0.957450,0.003752,79.072047
1,0,10000,128,32,0.972968,0.004461,79.131400
1,0,10000,128,64,0.952847,0.003462,79.057790
1,0,10000,256,128,0.975365,0.004275,61.529334
1,0,10000,256,32,1.027281,0.003331,61.533696
1,0,10000,256,64,0.983435,0.004725,62.008205
1,0,10000,64,128,0.949594,0.002988,78.531499
1,0,10000,64,32,1.397252,0.002867,78.422791
1,0,10000,64,64,0.952856,0.002993,78.447099
1,0,1000,128,128,0.245766,0.003776,19.384191
1,0,1000,128,32,0.247383,0.003909,19.411027
1,0,1000,128,64,0.249492,0.004188,19.375799
1,0,1000,256,128,0.241703,0.003345,19.404215
1,0,1000,256,32,0.240005,0.003450,19.398223
1,0,1000,256,64,0.256174,0.003589,19.379809
1,0,1000,64,128,0.245074,0.003208,9.654647
1,0,1000,64,32,0.265214,0.003683,8.816481
1,0,1000,64,64,0.273134,0.003464,9.597888
2,0,10000,128,128,0.655971,0.218917,40.668917
2,0,10000,128,32,0.725070,0.575101,40.614781
2,0,10000,128,64,0.675137,0.418476,40.628433
2,0,10000,256,128,0.678300,0.584437,33.149482
2,0,10000,256,32,0.663293,0.254834,33.097651
2,0,10000,256,64,0.668815,0.338362,33.175752
2,0,10000,64,128,0.682467,0.591722,40.913852
2,0,10000,64,32,0.685943,0.261499,40.913747
2,0,10000,64,64,0.635576,0.359117,40.945813
2,0,1000,128,128,0.261964,0.602074,18.108919
2,0,1000,128,32,0.278346,0.163353,18.394933
2,0,1000,128,64,0.251214,0.263960,18.447569
2,0,1000,256,128,0.260507,3.883636,14.807861
2,0,1000,256,32,0.256797,0.988099,17.727749
2,0,1000,256,64,0.269174,0.045543,18.540197
2,0,1000,64,128,0.255929,0.277752,8.511342
2,0,1000,64,32,0.282971,0.088848,8.723143
2,0,1000,64,64,0.251129,0.218130,8.570742
2,1,10000,128,128,0.654835,0.085786,40.802032
2,1,10000,128,32,0.723899,0.101684,41.088323
2,1,10000,128,64,0.675084,0.105771,40.941111
2,1,10000,256,128,0.677535,0.123226,33.610637
2,1,10000,256,32,0.663243,0.115310,33.237222
2,1,10000,256,64,0.667578,0.195006,33.319122
2,1,10000,64,128,0.681741,0.075768,41.429659
2,1,10000,64,32,0.685816,0.082366,41.092773
2,1,10000,64,64,0.635546,0.076441,41.228422
2,1,1000,128,128,0.261952,0.362930,18.347819
2,1,1000,128,32,0.278211,0.560763,17.997287
2,1,1000,128,64,0.251668,0.490789,18.218710
2,1,1000,256,128,0.259611,4.843980,13.844328
2,1,1000,256,32,0.256773,0.858372,17.856179
2,1,1000,256,64,0.269101,3.512969,15.071369
2,1,1000,64,128,0.255338,0.787109,8.000780
2,1,1000,64,32,0.282605,2.597414,6.211400
2,1,1000,64,64,0.250468,0.681611,8.106103
32,0,10000,128,128,0.525558,10.958487,7.609145
32,0,10000,128,32,0.535295,12.220766,7.166408
32,0,10000,128,64,0.541058,10.641852,8.460975
32,0,10000,256,128,0.531239,11.529869,7.065004
32,0,10000,256,32,0.560645,11.523030,7.055733
32,0,10000,256,64,0.564090,10.700715,7.873797
32,0,10000,64,128,0.518706,9.394438,5.417354
32,0,10000,64,32,0.557247,17.851892,5.453606
32,0,10000,64,64,0.557986,3.402157,5.453567
32,0,1000,128,128,0.495475,9.983182,8.475584
32,0,1000,128,32,0.493226,10.183678,8.276702
32,0,1000,128,64,0.528964,10.972176,7.501146
32,0,1000,256,128,0.509725,10.403100,8.062181
32,0,1000,256,32,0.482562,10.167935,8.298480
32,0,1000,256,64,0.478477,12.935166,5.557763
32,0,1000,64,128,0.502439,5.790288,2.904069
32,0,1000,64,32,2.740615,5.818323,2.892810
32,0,1000,64,64,0.506081,4.942257,3.745717
32,10,10000,128,128,0.525440,10.848563,7.718745
32,10,10000,128,32,0.535114,6.603258,12.787293
32,10,10000,128,64,0.540867,10.001196,9.101545
32,10,10000,256,128,0.531346,1.907581,16.692403
32,10,10000,256,32,0.560532,11.490002,7.088663
32,10,10000,256,64,0.563967,11.078957,7.495459
32,10,10000,64,128,0.518589,9.264201,5.547625
32,10,10000,64,32,0.557096,17.686532,5.619262
32,10,10000,64,64,0.557820,3.380300,5.475560
32,10,1000,128,128,0.495343,9.849799,8.609050
32,10,1000,128,32,0.493160,9.959521,8.500921
32,10,1000,128,64,0.528852,10.903873,7.569273
32,10,1000,256,128,0.509549,9.117292,9.347918
32,10,1000,256,32,0.482458,9.645162,8.821332
32,10,1000,256,64,0.478291,12.862983,5.629724
32,10,1000,64,128,0.502584,5.875402,2.818731
32,10,1000,64,32,2.740492,5.880346,2.830735
32,10,1000,64,64,0.505935,4.928428,3.759521
32,11,10000,128,128,0.525435,10.411537,8.157204
32,11,10000,128,32,0.535121,11.549825,7.839299
32,11,10000,128,64,0.541010,8.570337,10.535521
32,11,10000,256,128,0.531147,3.697745,14.902945
32,11,10000,256,32,0.560479,11.358741,7.219795
32,11,10000,256,64,0.563910,11.037218,7.537345
32,11,10000,64,128,0.518641,9.232479,5.579857
32,11,10000,64,32,0.557184,17.653349,5.669347
32,11,10000,64,64,0.557866,3.347329,5.508293
32,11,1000,128,128,0.495259,9.901428,8.557406
32,11,1000,128,32,0.493210,10.183445,8.276662
32,11,1000,128,64,0.528793,10.788016,7.685215
32,11,1000,256,128,0.509589,9.053658,9.411850
32,11,1000,256,32,0.482487,9.232350,9.234212
32,11,1000,256,64,0.478342,12.966844,5.525879
32,11,1000,64,128,0.502414,5.836075,2.858160
32,11,1000,64,32,2.740429,2.672741,6.038412
32,11,1000,64,64,0.505994,4.965759,3.722172
32,12,10000,128,128,0.525422,10.648553,7.918892
32,12,10000,128,32,0.535245,11.385290,8.002683
32,12,10000,128,64,0.540877,9.757257,9.345547
32,12,10000,256,128,0.531295,11.481252,7.113363
32,12,10000,256,32,0.560449,11.300281,7.278455
32,12,10000,256,64,0.563955,11.012502,7.561914
32,12,10000,64,128,0.518492,9.222958,5.589129
32,12,10000,64,32,0.557086,17.626029,5.698728
32,12,10000,64,64,0.557590,3.178223,5.677547
32,12,1000,128,128,0.495333,9.669581,8.789358
32,12,1000,128,32,0.493132,9.887596,8.572739
32,12,1000,128,64,0.528811,10.463328,8.009858
32,12,1000,256,128,0.509592,8.628363,9.837069
32,12,1000,256,32,0.482375,9.103882,9.362509
32,12,1000,256,64,0.478301,12.757703,5.735071
32,12,1000,64,128,0.502563,5.832732,2.861389
32,12,1000,64,32,2.740562,5.848392,2.862689
32,12,1000,64,64,0.505951,4.847200,3.840762
32,13,10000,128,128,0.525403,10.471330,8.096113
32,13,10000,128,32,0.535045,10.856030,8.534195
32,13,10000,128,64,0.540988,9.705311,9.397524
32,13,10000,256,128,0.531049,11.426465,7.168276
32,13,10000,256,32,0.560502,4.286238,14.292315
32,13,10000,256,64,0.563893,10.968600,7.606012
32,13,10000,64,128,0.518555,9.230354,5.581993
32,13,10000,64,32,0.557064,17.607428,5.698119
32,13,10000,64,64,0.557861,3.295498,5.560147
32,13,1000,128,128,0.495248,6.763310,11.695485
32,13,1000,128,32,0.493112,9.601578,8.858546
32,13,1000,128,64,0.528879,9.555404,8.918011
32,13,1000,256,128,0.509496,6.057089,12.408484
32,13,1000,256,32,0.482341,7.741601,10.724727
32,13,1000,256,64,0.478319,12.952911,5.539830
32,13,1000,64,128,0.502420,5.809304,2.884898
32,13,1000,64,32,2.740452,5.555700,3.155336
32,13,1000,64,64,0.505966,3.456109,5.231745
32,14,10000,128,128,0.525417,10.786337,7.781036
32,14,10000,128,32,0.535148,9.759649,9.628609
32,14,10000,128,64,0.540908,10.321769,8.781056
32,14,10000,256,128,0.531158,11.481520,7.113262
32,14,10000,256,32,0.560490,11.311956,7.266698
32,14,10000,256,64,0.563855,10.984835,7.589553
32,14,10000,64,128,0.518563,9.238016,5.573841
32,14,10000,64,32,0.557142,17.658457,5.647073
32,14,10000,64,64,0.557743,3.347593,5.508176
32,14,1000,128,128,0.495281,10.182770,8.275982
32,14,1000,128,32,0.493170,10.097977,8.362441
32,14,1000,128,64,0.528828,10.936909,7.536350
32,14,1000,256,128,0.509103,9.846289,8.619145
32,14,1000,256,32,0.482445,9.977777,8.488658
32,14,1000,256,64,0.478292,12.909433,5.583306
32,14,1000,64,128,0.502260,5.838205,2.856145
32,14,1000,64,32,2.740538,5.840860,2.870196
32,14,1000,64,64,0.506027,4.970663,3.717212
32,15,10000,128,128,0.525320,10.754237,7.813136
32,15,10000,128,32,0.535202,12.029608,7.358300
32,15,10000,128,64,0.540911,10.175027,8.927792
32,15,10000,256,128,0.531007,10.861700,7.733075
32,15,10000,256,32,0.560421,11.396494,7.182035
32,15,10000,256,64,0.563896,10.972294,7.602279
32,15,10000,64,128,0.518471,9.196941,5.615133
32,15,10000,64,32,0.557056,17.630842,5.674733
32,15,10000,64,64,0.557879,3.326778,5.528870
32,15,1000,128,128,0.495247,9.912511,8.546368
32,15,1000,128,32,0.493015,10.069459,8.390811
32,15,1000,128,64,0.528809,10.252618,8.220723
32,15,1000,256,128,0.509500,9.664940,8.800538
32,15,1000,256,32,0.482456,10.250191,8.216190
32,15,1000,256,64,0.478265,12.903247,5.589710
32,15,1000,64,128,0.502334,5.816611,2.877727
32,15,1000,64,32,2.740402,5.817230,2.893820
32,15,1000,64,64,0.506012,4.891838,3.796102
32,16,10000,128,128,0.525340,10.889754,7.677576
32,16,10000,128,32,0.535198,9.196019,10.192150
32,16,10000,128,64,0.540881,10.211793,8.891017
32,16,10000,256,128,0.530996,3.579818,15.018849
32,16,10000,256,32,0.560440,11.360586,7.217924
32,16,10000,256,64,0.563923,11.149866,7.424554
32,16,10000,64,128,0.518551,9.270916,5.540949
32,16,10000,64,32,0.557078,17.710208,5.596526
32,16,10000,64,64,0.557834,3.369818,5.485850
32,16,1000,128,128,0.495304,9.922653,8.536049
32,16,1000,128,32,0.493065,10.120673,8.339661
32,16,1000,128,64,0.528789,10.866720,7.606643
32,16,1000,256,128,0.509646,9.548702,8.916727
32,16,1000,256,32,0.482474,10.010446,8.455951
32,16,1000,256,64,0.478301,12.989517,5.503334
32,16,1000,64,128,0.502317,4.275340,4.419077
32,16,1000,64,32,2.740461,5.813516,2.897551
32,16,1000,64,64,0.505402,4.927750,3.760155
32,17,10000,128,128,0.525451,10.682805,7.884605
32,17,10000,128,32,0.535007,10.454008,8.934523
32,17,10000,128,64,0.540793,8.089511,11.016723
32,17,10000,256,128,0.530988,11.441911,7.153005
32,17,10000,256,32,0.560397,10.687371,7.891387
32,17,10000,256,64,0.563822,10.968151,7.606366
32,17,10000,64,128,0.518464,9.194672,5.617415
32,17,10000,64,32,0.557119,17.599108,5.706514
32,17,10000,64,64,0.557786,3.299158,5.556544
32,17,1000,128,128,0.495369,1.905478,16.553202
32,17,1000,128,32,0.493001,1.193539,17.266377
32,17,1000,128,64,0.528756,1.436084,17.037112
32,17,1000,256,128,0.509496,6.298565,12.167046
32,17,1000,256,32,0.482295,8.891219,9.575229
32,17,1000,256,64,0.478263,12.643801,5.849011
32,17,1000,64,128,0.502321,1.012543,7.681583
32,17,1000,64,32,2.732713,5.804685,2.906409
32,17,1000,64,64,0.505892,0.926080,7.761766
32,18,10000,128,128,0.525348,10.961192,7.606343
32,18,10000,128,32,0.535046,13.168928,6.218210
32,18,10000,128,64,0.540746,10.990423,8.112355
32,18,10000,256,128,0.531128,11.523174,7.071438
32,18,10000,256,32,0.560375,7.010816,11.567618
32,18,10000,256,64,0.563694,11.249287,7.325330
32,18,10000,64,128,0.518570,9.383171,5.428614
32,18,10000,64,32,0.557100,17.863135,5.442459
32,18,10000,64,64,0.557702,3.396460,5.459348
32,18,1000,128,128,0.495169,9.964576,8.494197
32,18,1000,128,32,0.492988,9.821900,8.638563
32,18,1000,128,64,0.528843,10.944427,7.528927
32,18,1000,256,128,0.509363,10.138723,8.326603
32,18,1000,256,32,0.482423,9.830762,8.635494
32,18,1000,256,64,0.478156,12.983706,5.509143
32,18,1000,64,128,0.502139,5.784492,2.909906
32,18,1000,64,32,2.740452,5.793343,2.917831
32,18,1000,64,64,0.505965,4.904286,3.783705
32,19,10000,128,128,0.524509,10.996572,7.570977
32,19,10000,128,32,0.535005,12.613045,6.775874
32,19,10000,128,64,0.540815,10.623791,8.479071
32,19,10000,256,128,0.529959,11.569742,7.025088
32,19,10000,256,32,0.560440,10.748730,7.829982
32,19,10000,256,64,0.562734,10.920137,7.654485
32,19,10000,64,128,0.518431,9.459104,5.352739
32,19,10000,64,32,0.557031,17.910902,5.394645
32,19,10000,64,64,0.557793,3.476382,5.379345
32,19,1000,128,128,0.495268,5.897618,12.561174
32,19,1000,128,32,0.493080,10.273801,8.186414
32,19,1000,128,64,0.528759,8.486224,9.987063
32,19,1000,256,128,0.509538,10.451708,8.014029
32,19,1000,256,32,0.482296,10.094042,8.372362
32,19,1000,256,64,0.478250,12.889294,5.603657
32,19,1000,64,128,0.502338,5.829095,2.865168
32,19,1000,64,32,2.740451,5.850031,2.860996
32,19,1000,64,64,0.505844,4.969393,3.718523
32,1,10000,128,128,0.524387,10.530080,8.037356
32,1,10000,128,32,0.534895,12.925501,6.461657
32,1,10000,128,64,0.540164,10.116043,8.986803
32,1,10000,256,128,0.530282,4.471414,14.128448
32,1,10000,256,32,0.559690,11.329200,7.249464
32,1,10000,256,64,0.563150,10.955412,7.619137
32,1,10000,64,128,0.517708,9.292780,5.519003
32,1,10000,64,32,0.557137,17.722007,5.583597
32,1,10000,64,64,0.556557,3.285908,5.569838
32,1,1000,128,128,0.494497,8.997115,9.461665
32,1,1000,128,32,0.492280,8.743986,9.716286
32,1,1000,128,64,0.528102,9.716123,8.757442
32,1,1000,256,128,0.508797,8.860086,9.605479
32,1,1000,256,32,0.481315,8.804469,9.662028
32,1,1000,256,64,0.478317,12.812591,5.680490
32,1,1000,64,128,0.501747,5.710756,2.983511
32,1,1000,64,32,2.740579,4.195111,4.516036
32,1,1000,64,64,0.505231,4.206666,4.481242
32,20,10000,128,128,0.525321,10.729912,7.837435
32,20,10000,128,32,0.534012,10.673942,8.713863
32,20,10000,128,64,0.540825,10.231945,8.870802
32,20,10000,256,128,0.530189,11.478473,7.115979
32,20,10000,256,32,0.559449,10.826165,7.752501
32,20,10000,256,64,0.562711,10.456961,8.117346
32,20,10000,64,128,0.517505,9.185192,5.627053
32,20,10000,64,32,0.556165,17.583455,5.728851
32,20,10000,64,64,0.556916,3.301446,5.554370
32,20,1000,128,128,0.494178,9.730140,8.728586
32,20,1000,128,32,0.492106,9.909638,8.550595
32,20,1000,128,64,0.528049,10.774609,7.698742
32,20,1000,256,128,0.508418,9.619154,8.846253
32,20,1000,256,32,0.481812,10.014428,8.451805
32,20,1000,256,64,0.477904,12.849720,5.643001
32,20,1000,64,128,0.501401,5.809729,2.884573
32,20,1000,64,32,2.739773,5.816899,2.894061
32,20,1000,64,64,0.505019,4.888856,3.799038
32,21,10000,128,128,0.525296,10.113857,8.453956
32,21,10000,128,32,0.535094,10.601625,8.786451
32,21,10000,128,64,0.540949,9.439458,9.663335
32,21,10000,256,128,0.531021,1.493406,17.109550
32,21,10000,256,32,0.560456,10.537668,8.041051
32,21,10000,256,64,0.563965,10.854365,7.720141
32,21,10000,64,128,0.518439,8.901951,5.910950
32,21,10000,64,32,0.557055,10.390081,12.934229
32,21,10000,64,64,0.557813,3.138859,5.716831
32,21,1000,128,128,0.495252,9.274053,9.184814
32,21,1000,128,32,0.493143,9.543680,8.916464
32,21,1000,128,64,0.528832,10.501071,7.972204
32,21,1000,256,128,0.509595,6.298462,12.167040
32,21,1000,256,32,0.482458,8.880673,9.585660
32,21,1000,256,64,0.478284,12.697270,5.795792
32,21,1000,64,128,0.502516,5.796086,2.898032
32,21,1000,64,32,2.740507,5.814088,2.897024
32,21,1000,64,64,0.505963,4.727452,3.960387
32,22,10000,128,128,0.525267,10.583067,7.984276
32,22,10000,128,32,0.535085,12.957394,6.430054
32,22,10000,128,64,0.540777,10.296856,8.805912
32,22,10000,256,128,0.531086,11.482442,7.112406
32,22,10000,256,32,0.560499,10.116917,8.461720
32,22,10000,256,64,0.563957,7.398600,11.180030
32,22,10000,64,128,0.518572,9.208045,5.603772
32,22,10000,64,32,0.557008,15.704239,7.601274
32,22,10000,64,64,0.557812,3.337203,5.518639
32,22,1000,128,128,0.495229,10.209038,8.249812
32,22,1000,128,32,0.493085,9.952680,8.507583
32,22,1000,128,64,0.528772,11.068485,7.404782
32,22,1000,256,128,0.509526,9.120967,9.344472
32,22,1000,256,32,0.482420,10.055611,8.410682
32,22,1000,256,64,0.478239,12.730766,5.762265
32,22,1000,64,128,0.502272,5.833363,2.861030
32,22,1000,64,32,2.740545,5.843898,2.867070
32,22,1000,64,64,0.505980,4.963649,3.724320
32,23,10000,128,128,0.525350,11.118671,7.448848
32,23,10000,128,32,0.535083,13.252592,6.134567
32,23,10000,128,64,0.540828,10.905785,8.196976
32,23,10000,256,128,0.531044,11.608856,6.985822
32,23,10000,256,32,0.560366,11.597649,6.981016
32,23,10000,256,64,0.563871,11.362994,7.211553
32,23,10000,64,128,0.518453,9.440892,5.370938
32,23,10000,64,32,0.557042,17.913766,5.391677
32,23,10000,64,64,0.557782,3.476335,5.379204
32,23,1000,128,128,0.495248,10.176292,8.282496
32,23,1000,128,32,0.492941,10.132246,8.328178
32,23,1000,128,64,0.528681,11.049958,7.423700
32,23,1000,256,128,0.509446,10.414920,8.050583
32,23,1000,256,32,0.482335,10.219100,8.247322
32,23,1000,256,64,0.478202,13.049388,5.443354
32,23,1000,64,128,0.502340,5.821475,2.872800
32,23,1000,64,32,2.740425,5.825406,2.885599
32,23,1000,64,64,0.505856,4.967798,3.720132
32,24,10000,128,128,0.523565,11.036062,7.531475
32,24,10000,128,32,0.535091,12.463052,6.924035
32,24,10000,128,64,0.540891,11.020175,8.082589
32,24,10000,256,128,0.530032,11.568362,7.026163
32,24,10000,256,32,0.553504,11.486774,7.091930
32,24,10000,256,64,0.563884,7.054431,11.523442
32,24,10000,64,128,0.517382,9.397815,5.414003
32,24,10000,64,32,0.557061,17.872833,5.432652
32,24,10000,64,64,0.555875,3.411931,5.443863
32,24,1000,128,128,0.494355,9.771847,8.686861
32,24,1000,128,32,0.486843,9.727486,8.732846
32,24,1000,128,64,0.528806,10.788557,7.684615
32,24,1000,256,128,0.508292,9.920581,8.544816
32,24,1000,256,32,0.481477,9.676655,8.789818
32,24,1000,256,64,0.478295,13.044566,5.448248
32,24,1000,64,128,0.501477,4.104847,4.589574
32,24,1000,64,32,2.739207,5.757491,2.953546
32,24,1000,64,64,0.502298,4.745135,3.942774
32,25,10000,128,128,0.525391,10.810582,7.756815
32,25,10000,128,32,0.535122,12.978927,6.408218
32,25,10000,128,64,0.540893,10.196451,8.906320
32,25,10000,256,128,0.531178,11.561436,7.033324
32,25,10000,256,32,0.560483,8.409663,10.169021
32,25,10000,256,64,0.563903,10.684394,7.890080
32,25,10000,64,128,0.518554,9.413705,5.398115
32,25,10000,64,32,0.557075,17.878008,5.427612
32,25,10000,64,64,0.557825,3.294621,5.560989
32,25,1000,128,128,0.495278,8.408944,10.049820
32,25,1000,128,32,0.493223,7.925154,10.535054
32,25,1000,128,64,0.528804,9.805123,8.668191
32,25,1000,256,128,0.509524,9.100041,9.365499
32,25,1000,256,32,0.482361,8.279873,10.186667
32,25,1000,256,64,0.478275,9.246660,9.245899
32,25,1000,64,128,0.502606,5.816435,2.877674
32,25,1000,64,32,2.740175,5.480520,3.230418
32,25,1000,64,64,0.505911,4.536593,4.151354
32,26,10000,128,128,0.525176,10.996716,7.570628
32,26,10000,128,32,0.535019,12.166247,7.222579
32,26,10000,128,64,0.540889,8.064921,11.041511
32,26,10000,256,128,0.531408,11.596625,6.997814
32,26,10000,256,32,0.560321,8.071242,10.507490
32,26,10000,256,64,0.563730,11.184485,7.390224
32,26,10000,64,128,0.518403,9.426077,5.385667
32,26,10000,64,32,0.556832,17.888071,5.417475
32,26,10000,64,64,0.557810,1.580312,7.275574
32,26,1000,128,128,0.495121,10.165818,8.293069
32,26,1000,128,32,0.493142,10.030283,8.430035
32,26,1000,128,64,0.528574,11.100187,7.372967
32,26,1000,256,128,0.509404,6.947777,11.517512
32,26,1000,256,32,0.482442,9.021545,9.444946
32,26,1000,256,64,0.478164,4.045281,14.447438
32,26,1000,64,128,0.502378,5.830002,2.864244
32,26,1000,64,32,2.740362,5.831752,2.879290
32,26,1000,64,64,0.505765,4.985902,3.702039
32,27,10000,128,128,0.525346,10.439962,8.127477
32,27,10000,128,32,0.535115,12.845827,6.541619
32,27,10000,128,64,0.540867,10.887786,8.215049
32,27,10000,256,128,0.531072,8.999593,9.597061
32,27,10000,256,32,0.560451,10.391486,8.187351
32,27,10000,256,64,0.563915,11.168658,7.405801
32,27,10000,64,128,0.518203,9.118424,5.693630
32,27,10000,64,32,0.557003,11.628489,11.677006
32,27,10000,64,64,0.557808,3.275754,5.579829
32,27,1000,128,128,0.495211,9.983266,8.475467
32,27,1000,128,32,0.493155,10.217451,8.242756
32,27,1000,128,64,0.528773,11.041941,7.431520
32,27,1000,256,128,0.509525,8.860293,9.605291
32,27,1000,256,32,0.482294,10.132407,8.334059
32,27,1000,256,64,0.478272,12.816318,5.676693
32,27,1000,64,128,0.502428,5.810066,2.884189
32,27,1000,64,32,2.740416,5.818346,2.892742
32,27,1000,64,64,0.505911,4.924257,3.763718
32,28,10000,128,128,0.524161,10.298881,8.268468
32,28,10000,128,32,0.534453,11.484903,7.904073
32,28,10000,128,64,0.540810,8.930537,10.174172
32,28,10000,256,128,0.530113,11.310931,7.285303
32,28,10000,256,32,0.559502,6.656008,11.922624
32,28,10000,256,64,0.563867,10.820584,7.754005
32,28,10000,64,128,0.517461,9.421889,5.389869
32,28,10000,64,32,0.557039,17.849026,5.456602
32,28,10000,64,64,0.556778,3.427136,5.428550
32,28,1000,128,128,0.494349,5.231645,13.227139
32,28,1000,128,32,0.492059,3.238862,15.221552
32,28,1000,128,64,0.528759,8.301166,10.172099
32,28,1000,256,128,0.508283,7.396414,11.068899
32,28,1000,256,32,0.481177,6.267460,12.198751
32,28,1000,256,64,0.478269,5.264798,13.227807
32,28,1000,64,128,0.501526,5.812298,2.881761
32,28,1000,64,32,2.739195,5.807469,2.903694
32,28,1000,64,64,0.505906,2.659347,6.028486
32,29,10000,128,128,0.524029,10.991500,7.575835
32,29,10000,128,32,0.534533,13.119218,6.267889
32,29,10000,128,64,0.540732,10.965289,8.137500
32,29,10000,256,128,0.529396,11.565260,7.029511
32,29,10000,256,32,0.558786,11.532898,7.045789
32,29,10000,256,64,0.562374,11.282023,7.292644
32,29,10000,64,128,0.517378,9.419262,5.392534
32,29,10000,64,32,0.557032,17.871897,5.433706
32,29,10000,64,64,0.556117,3.405724,5.449803
32,29,1000,128,128,0.493719,9.730744,8.728142
32,29,1000,128,32,0.491597,10.242176,8.218142
32,29,1000,128,64,0.527687,10.737709,7.735724
32,29,1000,256,128,0.508530,10.062697,8.402743
32,29,1000,256,32,0.481230,10.033633,8.432933
32,29,1000,256,64,0.478203,11.377924,7.114961
32,29,1000,64,128,0.500953,4.410356,4.283876
32,29,1000,64,32,2.740396,5.818631,2.892476
32,29,1000,64,64,0.504991,4.767281,3.920631
32,2,10000,128,128,0.525578,10.842369,7.725021
32,2,10000,128,32,0.535221,12.096246,7.290880
32,2,10000,128,64,0.541046,8.627051,10.479035
32,2,10000,256,128,0.531319,11.576887,7.017868
32,2,10000,256,32,0.560569,11.606019,6.972515
32,2,10000,256,64,0.563968,11.366389,7.208158
32,2,10000,64,128,0.518706,9.455766,5.356008
32,2,10000,64,32,0.557071,17.915589,5.389877
32,2,10000,64,64,0.557965,3.484765,5.371108
32,2,1000,128,128,0.495370,7.089377,11.369376
32,2,1000,128,32,0.493299,7.191060,11.269079
32,2,1000,128,64,0.528935,8.706777,9.766574
32,2,1000,256,128,0.509704,7.945888,10.519462
32,2,1000,256,32,0.482544,7.251557,11.214642
32,2,1000,256,64,0.478412,13.039078,5.453663
32,2,1000,64,128,0.502505,2.965303,5.728922
32,2,1000,64,32,2.740631,5.852480,2.858611
32,2,1000,64,64,0.506025,3.441465,5.246359
32,30,10000,128,128,0.525250,4.203293,14.364178
32,30,10000,128,32,0.535032,3.055810,16.336798
32,30,10000,128,64,0.540711,4.731040,14.373437
32,30,10000,256,128,0.531079,9.540534,9.055488
32,30,10000,256,32,0.560335,10.857139,7.721321
32,30,10000,256,64,0.563834,10.986314,7.588071
32,30,10000,64,128,0.518458,1.200452,13.627411
32,30,10000,64,32,0.557005,6.360930,16.944977
32,30,10000,64,64,0.557754,2.984754,5.870953
32,30,1000,128,128,0.494940,9.903822,8.554920
32,30,1000,128,32,0.493075,9.854466,8.605762
32,30,1000,128,64,0.528725,10.997448,7.475779
32,30,1000,256,128,0.509547,6.494312,11.970846
32,30,1000,256,32,0.482266,9.708269,8.758095
32,30,1000,256,64,0.478228,9.135261,9.357919
32,30,1000,64,128,0.501949,5.830441,2.863986
32,30,1000,64,32,2.740320,5.847962,2.863107
32,30,1000,64,64,0.505792,4.896246,3.791656
32,31,10000,128,128,0.525368,10.781366,7.786201
32,31,10000,128,32,0.535069,13.140419,6.246703
32,31,10000,128,64,0.540705,11.020500,8.082364
32,31,10000,256,128,0.530894,11.317180,7.277535
32,31,10000,256,32,0.560282,7.057024,11.521452
32,31,10000,256,64,0.563822,11.122673,7.451859
32,31,10000,64,128,0.518350,9.203950,5.607820
32,31,10000,64,32,0.556985,17.738676,5.566808
32,31,10000,64,64,0.557797,3.197436,5.658207
32,31,1000,128,128,0.495250,8.433591,10.025082
32,31,1000,128,32,0.492892,9.715135,8.745055
32,31,1000,128,64,0.528753,9.316478,9.156783
32,31,1000,256,128,0.509422,10.230053,8.235437
32,31,1000,256,32,0.482215,10.089293,8.377126
32,31,1000,256,64,0.478172,13.018837,5.473899
32,31,1000,64,128,0.502387,5.815670,2.878587
32,31,1000,64,32,2.740302,5.851043,2.860056
32,31,1000,64,64,0.505825,4.913620,3.774274
32,3,10000,128,128,0.525356,7.791102,10.782243
32,3,10000,128,32,0.535128,11.790696,7.600277
32,3,10000,128,64,0.540864,6.139884,12.970813
32,3,10000,256,128,0.531056,11.560272,7.034584
32,3,10000,256,32,0.560483,8.564367,10.019692
32,3,10000,256,64,0.563979,2.446974,16.133080
32,3,10000,64,128,0.518595,9.430489,5.381289
32,3,10000,64,32,0.557171,17.876481,5.428987
32,3,10000,64,64,0.557854,3.450271,5.405325
32,3,1000,128,128,0.495314,2.911810,15.546842
32,3,1000,128,32,0.493102,2.263138,16.196849
32,3,1000,128,64,0.528820,5.046024,13.427113
32,3,1000,256,128,0.509703,4.218647,14.246648
32,3,1000,256,32,0.482441,1.834495,16.631776
32,3,1000,256,64,0.478331,12.737949,5.754552
32,3,1000,64,128,0.502446,5.845376,2.848817
32,3,1000,64,32,2.740441,5.855076,2.856013
32,3,1000,64,64,0.506087,3.082152,5.605706
32,4,10000,128,128,0.525291,10.947142,7.620263
32,4,10000,128,32,0.535192,12.919055,6.468034
32,4,10000,128,64,0.540880,9.149468,9.953375
32,4,10000,256,128,0.531158,11.523828,7.070815
32,4,10000,256,32,0.558945,11.540248,7.038440
32,4,10000,256,64,0.563943,10.816355,7.758134
32,4,10000,64,128,0.516730,9.422951,5.388820
32,4,10000,64,32,0.557046,17.867112,5.438531
32,4,10000,64,64,0.557963,3.389413,5.466414
32,4,1000,128,128,0.493939,9.791366,8.667576
32,4,1000,128,32,0.493148,9.667760,8.792546
32,4,1000,128,64,0.528684,10.781024,7.692379
32,4,1000,256,128,0.508523,10.216123,8.249291
32,4,1000,256,32,0.482509,10.036728,8.429679
32,4,1000,256,64,0.478295,7.106174,11.386328
32,4,1000,64,128,0.502342,5.813576,2.880725
32,4,1000,64,32,2.740563,5.810165,2.900757
32,4,1000,64,64,0.506042,4.818512,3.869481
32,5,10000,128,128,0.525500,8.736989,9.835640
32,5,10000,128,32,0.535201,11.688752,7.701594
32,5,10000,128,64,0.540975,6.538279,12.571796
32,5,10000,256,128,0.531112,11.611330,6.983402
32,5,10000,256,32,0.560507,7.182776,11.401570
32,5,10000,256,64,0.564071,11.162944,7.411701
32,5,10000,64,128,0.518561,9.452732,5.359017
32,5,10000,64,32,0.557164,17.927856,5.377643
32,5,10000,64,64,0.557877,3.472448,5.383123
32,5,1000,128,128,0.495456,1.699673,16.758764
32,5,1000,128,32,0.493129,3.972616,14.487348
32,5,1000,128,64,0.528942,4.971682,13.501411
32,5,1000,256,128,0.509628,3.580367,14.884844
32,5,1000,256,32,0.482518,1.346018,17.120175
32,5,1000,256,64,0.478381,13.062968,5.429844
32,5,1000,64,128,0.502693,5.859373,2.834684
32,5,1000,64,32,2.740499,5.858883,2.852059
32,5,1000,64,64,0.506031,1.861021,6.826733
32,6,10000,128,128,0.525466,10.962139,7.605271
32,6,10000,128,32,0.535183,13.245018,6.142070
32,6,10000,128,64,0.540978,10.331433,8.771352
32,6,10000,256,128,0.531179,11.590221,7.004512
32,6,10000,256,32,0.560562,11.493621,7.085010
32,6,10000,256,64,0.563979,11.327356,7.247333
32,6,10000,64,128,0.518677,9.436960,5.374876
32,6,10000,64,32,0.557159,17.897472,5.408020
32,6,10000,64,64,0.557862,3.391832,5.463975
32,6,1000,128,128,0.495348,9.853590,8.605305
32,6,1000,128,32,0.493148,9.088608,9.371656
32,6,1000,128,64,0.528878,10.682807,7.790413
32,6,1000,256,128,0.509606,9.892216,8.573226
32,6,1000,256,32,0.482558,9.514692,8.951610
32,6,1000,256,64,0.478367,12.935359,5.557426
32,6,1000,64,128,0.502314,5.837159,2.857138
32,6,1000,64,32,2.740614,5.826145,2.884838
32,6,1000,64,64,0.506078,4.801694,3.886211
32,7,10000,128,128,0.525512,10.499685,8.067681
32,7,10000,128,32,0.535178,12.461367,6.927143
32,7,10000,128,64,0.540964,8.158332,10.947965
32,7,10000,256,128,0.531124,11.494466,7.100449
32,7,10000,256,32,0.560495,11.161940,7.416631
32,7,10000,256,64,0.563917,10.042938,8.531743
32,7,10000,64,128,0.518604,9.409436,5.402308
32,7,10000,64,32,0.557096,17.866889,5.438642
32,7,10000,64,64,0.557959,3.421355,5.434196
32,7,1000,128,128,0.495289,6.965800,11.492730
32,7,1000,128,32,0.493052,6.426008,12.034253
32,7,1000,128,64,0.528893,9.367985,9.105357
32,7,1000,256,128,0.509580,7.366560,11.099023
32,7,1000,256,32,0.482374,6.402702,12.063788
32,7,1000,256,64,0.478417,12.930488,5.562409
32,7,1000,64,128,0.502551,5.820004,2.874260
32,7,1000,64,32,2.740606,5.821984,2.889042
32,7,1000,64,64,0.506036,3.025078,5.662799
32,8,10000,128,128,0.525068,10.752572,7.814838
32,8,10000,128,32,0.535243,8.334372,11.054130
32,8,10000,128,64,0.540925,10.320240,8.782567
32,8,10000,256,128,0.531208,11.454989,7.139718
32,8,10000,256,32,0.560464,11.358585,7.219959
32,8,10000,256,64,0.563884,9.204229,9.370280
32,8,10000,64,128,0.518520,9.183535,5.628833
32,8,10000,64,32,0.557133,17.638795,5.667048
32,8,10000,64,64,0.557837,3.340899,5.514954
32,8,1000,128,128,0.494902,9.878677,8.580118
32,8,1000,128,32,0.492800,10.118954,8.341435
32,8,1000,128,64,0.528848,11.167824,7.305398
32,8,1000,256,128,0.509704,9.807777,8.657541
32,8,1000,256,32,0.482265,10.094547,8.371813
32,8,1000,256,64,0.478306,12.932637,5.560144
32,8,1000,64,128,0.502249,5.830154,2.864295
32,8,1000,64,32,2.740559,0.908203,7.809979
32,8,1000,64,64,0.506052,4.980103,3.707818
32,9,10000,128,128,0.525395,10.640951,7.926422
32,9,10000,128,32,0.535253,4.040331,15.352447
32,9,10000,128,64,0.540893,9.516331,9.586489
32,9,10000,256,128,0.531106,6.147160,12.451077
32,9,10000,256,32,0.560493,11.375851,7.202697
32,9,10000,256,64,0.564028,10.996512,7.577935
32,9,10000,64,128,0.518574,9.220086,5.592292
32,9,10000,64,32,0.557046,17.604908,5.719297
32,9,10000,64,64,0.557784,3.337135,5.518563
32,9,1000,128,128,0.495321,9.443420,9.015367
32,9,1000,128,32,0.493276,8.421560,10.038637
32,9,1000,128,64,0.528848,10.332111,8.141348
32,9,1000,256,128,0.509611,8.025108,10.440539
32,9,1000,256,32,0.482712,9.528591,8.937765
32,9,1000,256,64,0.478335,12.903512,5.589232
32,9,1000,64,128,0.502612,5.826434,2.867575
32,9,1000,64,32,2.740533,5.825944,2.884997
32,9,1000,64,64,0.505890,4.288433,4.399511
4,0,10000,128,128,0.557607,2.797198,23.187805
4,0,10000,128,32,0.506184,2.841548,22.658065
4,0,10000,128,64,0.521809,2.763709,22.983768
4,0,10000,256,128,0.488619,0.578007,19.088708
4,0,10000,256,32,0.481703,1.785181,19.166790
4,0,10000,256,64,0.475897,0.191135,19.138364
4,0,10000,64,128,0.500087,1.403745,22.582673
4,0,10000,64,32,0.627459,5.092699,22.244559
4,0,10000,64,64,0.476641,0.645232,22.300596
4,0,1000,128,128,0.390392,13.624537,4.843295
4,0,1000,128,32,0.337688,13.760756,4.710030
4,0,1000,128,64,0.424155,11.017493,7.492967
4,0,1000,256,128,0.356914,12.573060,5.901658
4,0,1000,256,32,0.357385,11.937120,6.873671
4,0,1000,256,64,0.397078,12.430865,6.072215
4,0,1000,64,128,0.338602,5.426586,3.445872
4,0,1000,64,32,0.367142,5.488891,3.235314
4,0,1000,64,64,0.285816,5.640926,3.168812
4,1,10000,128,128,0.557436,0.462219,25.522691
4,1,10000,128,32,0.506030,1.573305,23.926268
4,1,10000,128,64,0.521706,0.961587,24.785788
4,1,10000,256,128,0.487678,0.532656,19.134000
4,1,10000,256,32,0.480926,0.790461,20.161438
4,1,10000,256,64,0.475017,0.224008,19.109397
4,1,10000,64,128,0.499992,0.941966,23.044293
4,1,10000,64,32,0.627171,0.551036,26.786159
4,1,10000,64,64,0.475762,0.524718,22.421047
4,1,1000,128,128,0.389186,0.651849,17.830252
4,1,1000,128,32,0.336844,2.209764,16.274333
4,1,1000,128,64,0.410544,1.886951,16.623307
4,1,1000,256,128,0.356107,1.578657,16.910171
4,1,1000,256,32,0.356571,2.006098,16.804615
4,1,1000,256,64,0.396991,5.357695,13.144995
4,1,1000,64,128,0.338581,2.982237,5.890163
4,1,1000,64,32,0.353964,0.588521,8.135593
4,1,1000,64,64,0.284685,3.266935,5.542814
4,2,10000,128,128,0.557433,2.716126,23.268979
4,2,10000,128,32,0.506014,1.731500,23.768139
4,2,10000,128,64,0.521620,1.306240,24.441257
4,2,10000,256,128,0.488481,0.538113,19.128575
4,2,10000,256,32,0.481603,1.590895,19.361064
4,2,10000,256,64,0.475684,0.236400,19.093057
4,2,10000,64,128,0.499994,1.009892,22.976353
4,2,10000,64,32,0.627342,4.760165,22.577081
4,2,10000,64,64,0.476547,0.495289,22.450532
4,2,1000,128,128,0.390231,11.930434,6.537727
4,2,1000,128,32,0.337444,5.579613,12.891227
4,2,1000,128,64,0.424054,8.778677,9.731679
4,2,1000,256,128,0.356797,12.259444,6.215135
4,2,1000,256,32,0.357294,8.051548,10.759284
4,2,1000,256,64,0.396968,8.986335,9.516667
4,2,1000,64,128,0.338505,4.794823,4.077677
4,2,1000,64,32,0.366873,5.191309,3.532920
4,2,1000,64,64,0.285692,5.453054,3.356778
4,3,10000,128,128,0.543596,3.239792,22.745354
4,3,10000,128,32,0.505201,1.481046,24.018558
4,3,10000,128,64,0.520865,1.612300,24.135225
4,3,10000,256,128,0.488449,0.299408,19.367283
4,3,10000,256,32,0.480852,1.075821,19.876134
4,3,10000,256,64,0.475091,0.225872,19.103670
4,3,10000,64,128,0.499425,0.569444,23.422649
4,3,10000,64,32,0.626587,4.594539,22.742676
4,3,10000,64,64,0.476560,0.434503,22.511346
4,3,1000,128,128,0.390236,5.511930,12.970385
4,3,1000,128,32,0.337372,3.928620,14.542372
4,3,1000,128,64,0.424030,8.053152,10.457443
4,3,1000,256,128,0.356258,5.048309,13.441958
4,3,1000,256,32,0.357298,5.783955,13.028486
4,3,1000,256,64,0.396211,6.786761,11.716229
4,3,1000,64,128,0.338584,1.063128,7.815162
4,3,1000,64,32,0.365448,3.075087,5.649359
4,3,1000,64,64,0.285179,2.068923,6.741443
8,0,10000,128,128,0.526771,3.941296,14.677373
8,0,10000,128,32,0.440407,3.361974,15.319112
8,0,10000,128,64,0.520492,4.599981,14.002069
8,0,10000,256,128,0.543832,6.922734,11.680616
8,0,10000,256,32,0.540932,6.042091,12.575198
8,0,10000,256,64,0.456283,6.658979,11.965556
8,0,10000,64,128,0.465332,0.431593,17.122814
8,0,10000,64,32,0.583928,2.548090,12.930979
8,0,10000,64,64,0.454290,2.904135,13.166661
8,0,1000,128,128,0.440491,13.485933,5.103731
8,0,1000,128,32,0.352587,6.645850,11.836151
8,0,1000,128,64,0.410557,13.582305,4.907804
8,0,1000,256,128,0.351053,12.007296,6.472500
8,0,1000,256,32,0.372039,11.064797,7.445749
8,0,1000,256,64,0.326109,11.678700,6.829128
8,0,1000,64,128,0.362738,2.285599,6.436804
8,0,1000,64,32,0.352962,5.526440,3.192194
8,0,1000,64,64,0.310951,3.401868,5.320937
8,1,10000,128,128,0.525994,4.721892,13.896845
8,1,10000,128,32,0.440300,4.284769,14.399770
8,1,10000,128,64,0.520296,5.486617,13.114322
8,1,10000,256,128,0.543734,6.987101,11.616237
8,1,10000,256,32,0.540776,7.047035,11.570002
8,1,10000,256,64,0.456096,5.491172,13.133284
8,1,10000,64,128,0.464481,4.780406,12.770366
8,1,10000,64,32,0.583856,2.211623,13.267462
8,1,10000,64,64,0.454054,0.730484,15.340197
8,1,1000,128,128,0.440424,14.089027,4.500726
8,1,1000,128,32,0.352428,11.900597,6.581612
8,1,1000,128,64,0.409698,13.966747,4.522876
8,1,1000,256,128,0.350434,12.751049,5.732834
8,1,1000,256,32,0.371846,12.947612,5.562880
8,1,1000,256,64,0.326031,12.197821,6.309447
8,1,1000,64,128,0.362589,5.060051,3.662289
8,1,1000,64,32,0.352778,5.591688,3.127074
8,1,1000,64,64,0.310088,3.499448,5.223499
8,2,10000,128,128,0.526576,1.679729,16.941717
8,2,10000,128,32,0.440243,2.831123,15.849947
8,2,10000,128,64,0.520315,1.405301,17.195743
8,2,10000,256,128,0.542654,1.049837,17.556603
8,2,10000,256,32,0.540764,0.721134,17.900880
8,2,10000,256,64,0.455291,2.540768,16.084862
8,2,10000,64,128,0.465144,4.317300,13.233401
8,2,10000,64,32,0.583754,0.818836,14.660259
8,2,10000,64,64,0.454188,3.046744,13.024032
8,2,1000,128,128,0.440401,0.611099,17.978507
8,2,1000,128,32,0.352375,1.676977,16.804631
8,2,1000,128,64,0.410440,1.558185,16.945433
8,2,1000,256,128,0.350942,0.877791,17.618116
8,2,1000,256,32,0.371904,0.838342,17.687191
8,2,1000,256,64,0.325879,1.674157,16.831318
8,2,1000,64,128,0.362495,2.197227,6.525310
8,2,1000,64,32,0.352771,0.381978,8.339869
8,2,1000,64,64,0.310817,2.400249,6.319935
8,3,10000,128,128,0.526502,2.799579,15.822515
8,3,10000,128,32,0.440225,3.257816,15.423224
8,3,10000,128,64,0.520313,3.849810,14.754392
8,3,10000,256,128,0.543726,6.394583,12.208802
8,3,10000,256,32,0.540835,3.777467,14.839984
8,3,10000,256,64,0.456103,5.779615,12.845019
8,3,10000,64,128,0.465091,4.373155,13.177603
8,3,10000,64,32,0.583827,2.583274,12.895794
8,3,10000,64,64,0.454044,3.015519,13.055288
8,3,1000,128,128,0.440413,11.978892,6.610779
8,3,1000,128,32,0.352476,8.382661,10.099389
8,3,1000,128,64,0.410378,9.854546,8.636450
8,3,1000,256,128,0.350847,12.089814,6.390205
8,3,1000,256,32,0.371864,8.669975,9.840311
8,3,1000,256,64,0.325920,11.835072,6.670859
8,3,1000,64,128,0.362510,4.205238,4.517171
8,3,1000,64,32,0.352851,5.339482,3.379037
8,3,1000,64,64,0.310869,5.389477,3.321348
8,4,10000,128,128,0.526619,4.725189,13.893558
8,4,10000,128,32,0.440227,5.389461,13.291647
8,4,10000,128,64,0.519741,5.402116,13.198878
8,4,10000,256,128,0.543703,6.891531,11.711825
8,4,10000,256,32,0.540813,6.944383,11.672855
8,4,10000,256,64,0.456113,5.865204,12.763373
8,4,10000,64,128,0.465221,4.574154,12.976743
8,4,10000,64,32,0.583750,2.651828,12.827222
8,4,10000,64,64,0.453456,3.102294,12.968450
8,4,1000,128,128,0.440314,13.948506,4.641329
8,4,1000,128,32,0.352486,7.462083,11.019869
8,4,1000,128,64,0.410450,13.884901,4.604528
8,4,1000,256,128,0.350945,12.602652,5.880997
8,4,1000,256,32,0.371935,12.846591,5.663713
8,4,1000,256,64,0.325955,12.258473,6.247710
8,4,1000,64,128,0.362600,4.918051,3.804326
8,4,1000,64,32,0.352842,5.659291,3.059647
8,4,1000,64,64,0.310834,3.744342,4.977749
8,5,10000,128,128,0.526577,5.437227,13.181416
8,5,10000,128,32,0.426925,5.493898,13.187118
8,5,10000,128,64,0.519564,5.442169,13.158735
8,5,10000,256,128,0.543097,5.580013,13.023217
8,5,10000,256,32,0.527814,6.964618,11.652328
8,5,10000,256,64,0.455217,6.714708,11.909670
8,5,10000,64,128,0.462436,4.896886,12.653767
8,5,10000,64,32,0.570829,2.827227,12.651728
8,5,10000,64,64,0.441046,3.414383,12.656358
8,5,1000,128,128,0.418862,14.130032,4.459693
8,5,1000,128,32,0.351239,14.044885,4.437178
8,5,1000,128,64,0.409627,14.015002,4.474504
8,5,1000,256,128,0.350037,13.032306,5.447693
8,5,1000,256,32,0.371145,13.019951,5.490443
8,5,1000,256,64,0.312464,13.047607,5.457281
8,5,1000,64,128,0.348993,5.565588,3.156847
8,5,1000,64,32,0.351935,5.777957,2.940790
8,5,1000,64,64,0.309904,5.355562,3.354903
8,6,10000,128,128,0.525651,5.457651,13.161138
8,6,10000,128,32,0.439473,5.077716,13.603390
8,6,10000,128,64,0.520251,5.429974,13.171049
8,6,10000,256,128,0.542918,6.469235,12.134090
8,6,10000,256,32,0.539805,7.001787,11.615284
8,6,10000,256,64,0.455290,6.751085,11.873481
8,6,10000,64,128,0.464117,4.943211,12.607575
8,6,10000,64,32,0.582804,2.871305,12.607737
8,6,10000,64,64,0.454125,3.453997,12.616742
8,6,1000,128,128,0.439615,14.174604,4.415139
8,6,1000,128,32,0.351600,11.892008,6.589801
8,6,1000,128,64,0.409466,14.095265,4.394367
8,6,1000,256,128,0.350117,13.073588,5.406354
8,6,1000,256,32,0.371047,13.065277,5.445148
8,6,1000,256,64,0.324854,12.060896,6.444115
8,6,1000,64,128,0.362645,4.449830,4.272615
8,6,1000,64,32,0.351945,4.331656,4.386941
8,6,1000,64,64,0.305607,4.664709,4.045994
8,7,10000,128,128,0.525825,5.427421,13.191405
8,7,10000,128,32,0.439452,5.176564,13.504587
8,7,10000,128,64,0.519255,5.071270,13.529803
8,7,10000,256,128,0.542566,6.971085,11.632271
8,7,10000,256,32,0.539901,6.961820,11.655302
8,7,10000,256,64,0.454472,6.396741,12.227650
8,7,10000,64,128,0.464206,4.903261,12.647474
8,7,10000,64,32,0.582681,2.834767,12.644341
8,7,10000,64,64,0.454189,3.425152,12.645625
8,7,1000,128,128,0.439641,14.155298,4.434403
8,7,1000,128,32,0.343792,14.057196,4.425000
8,7,1000,128,64,0.409158,14.021867,4.467760
8,7,1000,256,128,0.349621,13.061457,5.418371
8,7,1000,256,32,0.371133,13.043503,5.466974
8,7,1000,256,64,0.324845,13.081098,5.423709
8,7,1000,64,128,0.361789,5.588612,3.133759
8,7,1000,64,32,0.352822,5.808282,2.910409
8,7,1000,64,64,0.306056,5.791291,2.919268
