size,rank,NX,omp_threads,setup_time,comm_time,comp_time
16,0,10000,16,0.262967,8.563846,4.670613
16,0,10000,1,0.244189,10.568007,59.593899
16,0,10000,2,0.230017,9.992358,30.270747
16,0,10000,32,0.219866,6.419176,4.435258
16,0,10000,4,0.227683,9.589419,15.533959
16,0,10000,8,0.228029,9.177684,8.137837
16,0,1000,16,0.223269,0.084404,0.043825
16,0,1000,1,0.188719,0.275736,0.584772
16,0,1000,2,0.199457,0.233289,0.294263
16,0,1000,32,0.197179,0.079805,0.029836
16,0,1000,4,0.221797,0.177238,0.150262
16,0,1000,8,0.203173,0.173203,0.077667
16,10,10000,16,0.262647,8.938842,4.295591
16,10,10000,1,0.243993,10.079205,60.083402
16,10,10000,2,0.229096,9.678311,30.585675
16,10,10000,32,0.219563,6.701979,4.152488
16,10,10000,4,0.228133,9.644278,15.479398
16,10,10000,8,0.227723,9.431564,7.884087
16,10,1000,16,0.222891,0.078057,0.050212
16,10,1000,1,0.188481,0.263329,0.597166
16,10,1000,2,0.199199,0.218333,0.309171
16,10,1000,32,0.197014,0.076998,0.032653
16,10,1000,4,0.221385,0.164519,0.163026
16,10,1000,8,0.202979,0.162369,0.088514
16,11,10000,16,0.262749,8.995467,4.238871
16,11,10000,1,0.243951,10.702206,59.460081
16,11,10000,2,0.229837,10.241882,30.021770
16,11,10000,32,0.219459,6.723501,4.131203
16,11,10000,4,0.228055,9.975216,15.148252
16,11,10000,8,0.227650,9.600298,7.715238
16,11,1000,16,0.222830,0.077793,0.050489
16,11,1000,1,0.186874,0.258481,0.602007
16,11,1000,2,0.199126,0.214712,0.312770
16,11,1000,32,0.197022,0.075196,0.034450
16,11,1000,4,0.221289,0.161485,0.166146
16,11,1000,8,0.202988,0.160708,0.090190
16,12,10000,16,0.262843,8.982702,4.251699
16,12,10000,1,0.243909,10.659599,59.502728
16,12,10000,2,0.229011,10.304714,29.959100
16,12,10000,32,0.219505,6.686412,4.168180
16,12,10000,4,0.228145,9.974366,15.149127
16,12,10000,8,0.227726,9.582553,7.733025
16,12,1000,16,0.222938,0.078784,0.049459
16,12,1000,1,0.188444,0.254649,0.605840
16,12,1000,2,0.199016,0.213624,0.313889
16,12,1000,32,0.196834,0.076172,0.033473
16,12,1000,4,0.221437,0.162640,0.164879
16,12,1000,8,0.202878,0.162643,0.088214
16,13,10000,16,0.262688,8.972338,4.262116
16,13,10000,1,0.244102,10.363089,59.799493
16,13,10000,2,0.229842,10.146285,30.117510
16,13,10000,32,0.219568,6.806652,4.047903
16,13,10000,4,0.228129,9.922126,15.201544
16,13,10000,8,0.227830,9.553561,7.762085
16,13,1000,16,0.223070,0.079641,0.048650
16,13,1000,1,0.188467,0.248621,0.611843
16,13,1000,2,0.199073,0.213017,0.314515
16,13,1000,32,0.196857,0.075165,0.034476
16,13,1000,4,0.221282,0.163279,0.164355
16,13,1000,8,0.202917,0.164010,0.086861
16,14,10000,16,0.262784,8.932629,4.301823
16,14,10000,1,0.243964,10.240552,59.921980
16,14,10000,2,0.229777,10.087206,30.176520
16,14,10000,32,0.219528,6.777930,4.076518
16,14,10000,4,0.227931,9.863032,15.260540
16,14,10000,8,0.227749,9.495104,7.820561
16,14,1000,16,0.222863,0.080328,0.047948
16,14,1000,1,0.188535,0.248350,0.612147
16,14,1000,2,0.199055,0.214007,0.313498
16,14,1000,32,0.196842,0.076430,0.033229
16,14,1000,4,0.220577,0.165334,0.162188
16,14,1000,8,0.202917,0.165066,0.085831
16,15,10000,16,0.262767,8.925155,4.309260
16,15,10000,1,0.243918,10.669617,59.492786
16,15,10000,2,0.229673,9.843030,30.420925
16,15,10000,32,0.219453,6.822023,4.032417
16,15,10000,4,0.227992,9.786926,15.336747
16,15,10000,8,0.227589,9.504874,7.810823
16,15,1000,16,0.222820,0.080984,0.047305
16,15,1000,1,0.187304,0.246819,0.613633
16,15,1000,2,0.199325,0.215407,0.312091
16,15,1000,32,0.196859,0.075542,0.034111
16,15,1000,4,0.221414,0.168149,0.159477
16,15,1000,8,0.202981,0.166178,0.084716
16,1,10000,16,0.262794,0.711857,12.528225
16,1,10000,1,0.243977,0.835234,69.336036
16,1,10000,2,0.229871,0.906745,39.365536
16,1,10000,32,0.219569,0.767897,10.091543
16,1,10000,4,0.228016,0.751408,24.381117
16,1,10000,8,0.227739,0.761154,16.559967
16,1,1000,16,0.222815,0.084420,0.043856
16,1,1000,1,0.188416,0.275533,0.584951
16,1,1000,2,0.199174,0.232417,0.295105
16,1,1000,32,0.196686,0.078788,0.030848
16,1,1000,4,0.221483,0.178000,0.149628
16,1,1000,8,0.202806,0.173369,0.077487
16,2,10000,16,0.262732,9.000859,4.233707
16,2,10000,1,0.244050,10.410927,59.751539
16,2,10000,2,0.229814,10.094451,30.169101
16,2,10000,32,0.219855,6.960604,3.893634
16,2,10000,4,0.228086,9.860607,15.262928
16,2,10000,8,0.227808,9.547207,7.768334
16,2,1000,16,0.222927,0.084420,0.043850
16,2,1000,1,0.188509,0.273680,0.586781
16,2,1000,2,0.199329,0.232482,0.294988
16,2,1000,32,0.196962,0.077782,0.031870
16,2,1000,4,0.221586,0.177822,0.149716
16,2,1000,8,0.203005,0.172957,0.077944
16,3,10000,16,0.262734,8.976397,4.258021
16,3,10000,1,0.243968,10.127716,60.034921
16,3,10000,2,0.229172,9.986642,30.277249
16,3,10000,32,0.219611,6.807664,4.046887
16,3,10000,4,0.228057,9.720586,15.403070
16,3,10000,8,0.227712,9.495390,7.820230
16,3,1000,16,0.222985,0.084494,0.043792
16,3,1000,1,0.188557,0.275246,0.585232
16,3,1000,2,0.199221,0.232590,0.294970
16,3,1000,32,0.196970,0.079151,0.030507
16,3,1000,4,0.221522,0.177900,0.149724
16,3,1000,8,0.202997,0.173526,0.077347
16,4,10000,16,0.262803,8.923186,4.311250
16,4,10000,1,0.244071,10.083932,60.078707
16,4,10000,2,0.229892,10.024859,30.238872
16,4,10000,32,0.219544,6.786969,4.067450
16,4,10000,4,0.228183,9.823734,15.299697
16,4,10000,8,0.227846,9.509048,7.806683
16,4,1000,16,0.222956,0.084302,0.043931
16,4,1000,1,0.188538,0.275891,0.584571
16,4,1000,2,0.199191,0.232558,0.294934
16,4,1000,32,0.196850,0.078713,0.030945
16,4,1000,4,0.221529,0.177834,0.149718
16,4,1000,8,0.203135,0.173199,0.077704
16,5,10000,16,0.262653,8.908070,4.326326
16,5,10000,1,0.244071,9.619793,60.543104
16,5,10000,2,0.229140,9.688606,30.575315
16,5,10000,32,0.219595,6.751656,4.103009
16,5,10000,4,0.228193,9.573584,15.550143
16,5,10000,8,0.227785,9.367858,7.947887
16,5,1000,16,0.222970,0.084560,0.043715
16,5,1000,1,0.188601,0.276179,0.584326
16,5,1000,2,0.199113,0.232993,0.294502
16,5,1000,32,0.196924,0.077345,0.032310
16,5,1000,4,0.221341,0.178224,0.149408
16,5,1000,8,0.203044,0.173231,0.077642
16,6,10000,16,0.262753,8.902612,4.331854
16,6,10000,1,0.244036,9.527534,60.635319
16,6,10000,2,0.229849,9.743541,30.520376
16,6,10000,32,0.219485,6.757720,4.096661
16,6,10000,4,0.228059,9.689292,15.434286
16,6,10000,8,0.227733,9.352265,7.963376
16,6,1000,16,0.223145,0.084623,0.043661
16,6,1000,1,0.188793,0.275554,0.584914
16,6,1000,2,0.199278,0.232942,0.294628
16,6,1000,32,0.197028,0.078218,0.031415
16,6,1000,4,0.221484,0.178006,0.149525
16,6,1000,8,0.203095,0.173276,0.077589
16,7,10000,16,0.262773,8.896655,4.337822
16,7,10000,1,0.244022,9.358857,60.804160
16,7,10000,2,0.229954,9.293206,30.970951
16,7,10000,32,0.219655,6.783268,4.071171
16,7,10000,4,0.228038,9.668077,15.455650
16,7,10000,8,0.227924,9.426858,7.888867
16,7,1000,16,0.222900,0.084286,0.044006
16,7,1000,1,0.188478,0.276338,0.584164
16,7,1000,2,0.199211,0.233112,0.294427
16,7,1000,32,0.196863,0.079373,0.030269
16,7,1000,4,0.221368,0.178203,0.149429
16,7,1000,8,0.202985,0.173494,0.077405
16,8,10000,16,0.262627,8.990066,4.244309
16,8,10000,1,0.244208,10.255324,59.907241
16,8,10000,2,0.229796,10.183649,30.080126
16,8,10000,32,0.219542,6.803857,4.050606
16,8,10000,4,0.228263,9.893772,15.229808
16,8,10000,8,0.227611,9.540725,7.774973
16,8,1000,16,0.222918,0.081837,0.046397
16,8,1000,1,0.188549,0.279022,0.581476
16,8,1000,2,0.199277,0.231622,0.295872
16,8,1000,32,0.196695,0.078426,0.031221
16,8,1000,4,0.221448,0.175731,0.151774
16,8,1000,8,0.203116,0.170139,0.080751
16,9,10000,16,0.262805,9.005167,4.229149
16,9,10000,1,0.244196,10.304128,59.858293
16,9,10000,2,0.229854,10.141382,30.122278
16,9,10000,32,0.219544,6.769792,4.084668
16,9,10000,4,0.228049,9.858705,15.264767
16,9,10000,8,0.227727,9.555342,7.760234
16,9,1000,16,0.222939,0.078287,0.049983
16,9,1000,1,0.188638,0.268377,0.592112
16,9,1000,2,0.199214,0.221843,0.305668
16,9,1000,32,0.196537,0.076254,0.033389
16,9,1000,4,0.221292,0.167123,0.160511
16,9,1000,8,0.202923,0.163698,0.087190
1,0,10000,16,0.705076,0.025106,77.736506
1,0,10000,1,0.702519,0.010489,961.751755
1,0,10000,2,0.704184,0.010281,486.882727
1,0,10000,32,0.703679,0.016327,84.262248
1,0,10000,4,0.702944,0.011209,248.393225
1,0,10000,8,0.702535,0.011474,130.136841
1,0,1000,16,0.131521,0.001534,0.747617
1,0,1000,1,0.131741,0.003794,9.580365
1,0,1000,2,0.131334,0.003294,4.926972
1,0,1000,32,0.132090,0.001489,0.435714
1,0,1000,4,0.130350,0.002994,2.522898
1,0,1000,8,0.130776,0.002744,1.325523
2,0,10000,16,0.417363,0.104598,43.442277
2,0,10000,1,0.418716,0.157026,484.507328
2,0,10000,2,0.417892,0.055884,248.147898
2,0,10000,32,0.418879,0.122283,38.399418
2,0,10000,4,0.420075,0.137379,128.761179
2,0,10000,8,0.418301,0.079612,70.336018
2,0,1000,16,0.135842,0.128006,0.304988
2,0,1000,1,0.134429,0.235554,4.639900
2,0,1000,2,0.134097,0.190083,2.325639
2,0,1000,32,0.135767,0.106035,0.162709
2,0,1000,4,0.134859,0.157681,1.165450
2,0,1000,8,0.135736,0.132526,0.588172
2,1,10000,16,0.417791,9.010880,34.527503
2,1,10000,1,0.418328,8.708996,475.947692
2,1,10000,2,0.417360,8.842171,239.354305
2,1,10000,32,0.418365,5.008493,33.508262
2,1,10000,4,0.419666,8.428874,120.461805
2,1,10000,8,0.417788,9.677302,60.730198
2,1,1000,16,0.135294,0.011651,0.421340
2,1,1000,1,0.134265,0.016975,4.858458
2,1,1000,2,0.133748,0.014861,2.500865
2,1,1000,32,0.134871,0.013478,0.255529
2,1,1000,4,0.134591,0.015042,1.308111
2,1,1000,8,0.135504,0.013500,0.707209
32,0,10000,16,0.294197,7.827778,1.973260
32,0,10000,1,0.300297,10.415822,29.393875
32,0,10000,2,0.298604,10.031029,14.856091
32,0,10000,32,0.300802,5.593492,1.001727
32,0,10000,4,0.297534,9.712544,7.507622
32,0,10000,8,0.308886,8.966943,3.793918
32,0,1000,16,0.298760,0.137628,0.026358
32,0,1000,1,0.283426,0.249111,0.296680
32,0,1000,2,0.263837,0.174033,0.150195
32,0,1000,32,0.282317,0.097080,0.021985
32,0,1000,4,0.277280,0.232536,0.077565
32,0,1000,8,0.308881,0.113977,0.042199
32,10,10000,16,0.293751,7.804789,1.996244
32,10,10000,1,0.299902,10.086879,29.723229
32,10,10000,2,0.298219,9.836649,15.050587
32,10,10000,32,0.300546,5.553647,1.041684
32,10,10000,4,0.297115,9.604220,7.616109
32,10,10000,8,0.308624,8.914772,3.846194
32,10,1000,16,0.298562,0.137850,0.026081
32,10,1000,1,0.283024,0.258994,0.286828
32,10,1000,2,0.263533,0.178179,0.146026
32,10,1000,32,0.282233,0.097112,0.021959
32,10,1000,4,0.276917,0.234706,0.075381
32,10,1000,8,0.308330,0.115930,0.040276
32,11,10000,16,0.293757,7.809264,1.991676
32,11,10000,1,0.299755,10.110408,29.699661
32,11,10000,2,0.298320,9.862299,15.025060
32,11,10000,32,0.300563,5.591849,1.003613
32,11,10000,4,0.297206,9.558620,7.661615
32,11,10000,8,0.308586,8.926143,3.834841
32,11,1000,16,0.298467,0.137878,0.026103
32,11,1000,1,0.283091,0.230069,0.315764
32,11,1000,2,0.263467,0.155856,0.168382
32,11,1000,32,0.282093,0.096564,0.022520
32,11,1000,4,0.276987,0.234733,0.075353
32,11,1000,8,0.308427,0.115497,0.040709
32,12,10000,16,0.293706,7.804611,1.996421
32,12,10000,1,0.299804,10.104860,29.705236
32,12,10000,2,0.298526,9.843455,15.043793
32,12,10000,32,0.300499,5.582807,1.012671
32,12,10000,4,0.297060,9.596933,7.623308
32,12,10000,8,0.308647,8.919326,3.841517
32,12,1000,16,0.298435,0.137849,0.026126
32,12,1000,1,0.283211,0.258473,0.287214
32,12,1000,2,0.263520,0.178697,0.145526
32,12,1000,32,0.282107,0.098947,0.020116
32,12,1000,4,0.276910,0.234539,0.075511
32,12,1000,8,0.308333,0.102237,0.053955
32,13,10000,16,0.293744,7.810799,1.990126
32,13,10000,1,0.299841,10.100949,29.709026
32,13,10000,2,0.298251,9.851731,15.035511
32,13,10000,32,0.300567,5.597462,0.997929
32,13,10000,4,0.297075,9.605083,7.615197
32,13,10000,8,0.308600,8.923325,3.837554
32,13,1000,16,0.298779,0.129127,0.034864
32,13,1000,1,0.282974,0.244156,0.301667
32,13,1000,2,0.263532,0.178321,0.145887
32,13,1000,32,0.282109,0.097762,0.021317
32,13,1000,4,0.276916,0.234574,0.075519
32,13,1000,8,0.308371,0.103301,0.052901
32,14,10000,16,0.293780,7.794600,2.006411
32,14,10000,1,0.300154,10.058017,29.751989
32,14,10000,2,0.298462,9.846339,15.041102
32,14,10000,32,0.300440,5.570142,1.025325
32,14,10000,4,0.297071,9.604612,7.615572
32,14,10000,8,0.308578,8.924804,3.836145
32,14,1000,16,0.298563,0.138094,0.025879
32,14,1000,1,0.283037,0.257960,0.287854
32,14,1000,2,0.263556,0.178107,0.146118
32,14,1000,32,0.281961,0.097187,0.021877
32,14,1000,4,0.277095,0.208658,0.101425
32,14,1000,8,0.308298,0.100964,0.055224
32,15,10000,16,0.293638,7.809240,1.991720
32,15,10000,1,0.299986,10.118077,29.692024
32,15,10000,2,0.298408,9.853918,15.033425
32,15,10000,32,0.300538,5.591925,1.003541
32,15,10000,4,0.297170,9.614929,7.605342
32,15,10000,8,0.308848,8.925557,3.835360
32,15,1000,16,0.298557,0.138036,0.025952
32,15,1000,1,0.283112,0.257756,0.288053
32,15,1000,2,0.263534,0.151037,0.173158
32,15,1000,32,0.282119,0.098041,0.021015
32,15,1000,4,0.277016,0.234900,0.075178
32,15,1000,8,0.308369,0.115882,0.040296
32,16,10000,16,0.293718,7.811499,1.989495
32,16,10000,1,0.299761,10.208132,29.601834
32,16,10000,2,0.298115,9.895279,14.992035
32,16,10000,32,0.300515,5.591948,1.003525
32,16,10000,4,0.297080,9.624454,7.595643
32,16,10000,8,0.308668,8.931984,3.828946
32,16,1000,16,0.298486,0.138225,0.025751
32,16,1000,1,0.283032,0.257937,0.287849
32,16,1000,2,0.263569,0.178394,0.145819
32,16,1000,32,0.281967,0.075231,0.043830
32,16,1000,4,0.276881,0.209721,0.100379
32,16,1000,8,0.308527,0.115776,0.040407
32,17,10000,16,0.293725,7.806469,1.994539
32,17,10000,1,0.299810,10.211613,29.598343
32,17,10000,2,0.298392,9.888114,14.999241
32,17,10000,32,0.300448,5.598372,0.997035
32,17,10000,4,0.297320,9.636249,7.583975
32,17,10000,8,0.308645,8.927658,3.833322
32,17,1000,16,0.298510,0.125069,0.038908
32,17,1000,1,0.283074,0.256189,0.289627
32,17,1000,2,0.263517,0.137225,0.186991
32,17,1000,32,0.282099,0.093734,0.025331
32,17,1000,4,0.276989,0.181126,0.128959
32,17,1000,8,0.308573,0.089053,0.067163
32,18,10000,16,0.293669,7.795588,2.005395
32,18,10000,1,0.299782,10.067027,29.742893
32,18,10000,2,0.298113,9.833673,15.053763
32,18,10000,32,0.300399,5.566099,1.029348
32,18,10000,4,0.297193,9.579072,7.641127
32,18,10000,8,0.308488,8.909487,3.851419
32,18,1000,16,0.298480,0.136202,0.027735
32,18,1000,1,0.283020,0.251510,0.294305
32,18,1000,2,0.263425,0.172061,0.152164
32,18,1000,32,0.282069,0.095849,0.023217
32,18,1000,4,0.277075,0.229340,0.080750
32,18,1000,8,0.308262,0.111786,0.044397
32,19,10000,16,0.293770,7.795149,2.005814
32,19,10000,1,0.299780,10.034870,29.775196
32,19,10000,2,0.298273,9.791187,15.096177
32,19,10000,32,0.300488,5.574994,1.020473
32,19,10000,4,0.297103,9.593472,7.626723
32,19,10000,8,0.308441,8.896441,3.864442
32,19,1000,16,0.298571,0.135726,0.028256
32,19,1000,1,0.282985,0.248478,0.297335
32,19,1000,2,0.263628,0.170541,0.153670
32,19,1000,32,0.282033,0.097210,0.021854
32,19,1000,4,0.276940,0.228655,0.081414
32,19,1000,8,0.308310,0.106795,0.049384
32,1,10000,16,0.293797,7.387659,2.413296
32,1,10000,1,0.299847,9.948786,29.860905
32,1,10000,2,0.298256,9.543150,15.344111
32,1,10000,32,0.300532,5.200660,1.394806
32,1,10000,4,0.297252,9.221996,7.998314
32,1,10000,8,0.308617,8.506207,4.254647
32,1,1000,16,0.298613,0.136928,0.027061
32,1,1000,1,0.283199,0.248668,0.297153
32,1,1000,2,0.263871,0.173901,0.150322
32,1,1000,32,0.282260,0.098001,0.021078
32,1,1000,4,0.277088,0.232189,0.077894
32,1,1000,8,0.308453,0.114156,0.042020
32,20,10000,16,0.293702,7.800757,2.000289
32,20,10000,1,0.299734,10.009672,29.800427
32,20,10000,2,0.298232,9.819269,15.068060
32,20,10000,32,0.300397,5.563789,1.031516
32,20,10000,4,0.297094,9.594451,7.625781
32,20,10000,8,0.308841,8.895527,3.865380
32,20,1000,16,0.298429,0.136018,0.027955
32,20,1000,1,0.283076,0.247388,0.298295
32,20,1000,2,0.263655,0.169786,0.154435
32,20,1000,32,0.282152,0.094782,0.024281
32,20,1000,4,0.276982,0.227862,0.082201
32,20,1000,8,0.308336,0.111908,0.044264
32,21,10000,16,0.293597,7.803065,1.997911
32,21,10000,1,0.299733,10.210145,29.599886
32,21,10000,2,0.298214,9.890247,14.996944
32,21,10000,32,0.300379,5.586296,1.009198
32,21,10000,4,0.297123,9.622504,7.597843
32,21,10000,8,0.308557,8.921020,3.839905
32,21,1000,16,0.298642,0.135955,0.028024
32,21,1000,1,0.282911,0.246553,0.299255
32,21,1000,2,0.263487,0.168937,0.155270
32,21,1000,32,0.281844,0.093825,0.025237
32,21,1000,4,0.276884,0.202131,0.107975
32,21,1000,8,0.308316,0.104578,0.051620
32,22,10000,16,0.293645,7.812196,1.988813
32,22,10000,1,0.299874,10.207687,29.602320
32,22,10000,2,0.298171,9.897634,14.989590
32,22,10000,32,0.300444,5.587736,1.007704
32,22,10000,4,0.297052,9.632182,7.587916
32,22,10000,8,0.308610,8.926359,3.834505
32,22,1000,16,0.298479,0.135787,0.028175
32,22,1000,1,0.283042,0.245658,0.300152
32,22,1000,2,0.263539,0.159692,0.164499
32,22,1000,32,0.282029,0.097837,0.021245
32,22,1000,4,0.277075,0.227913,0.082171
32,22,1000,8,0.308360,0.111940,0.044248
32,23,10000,16,0.293626,7.806103,1.994991
32,23,10000,1,0.299823,10.194304,29.615770
32,23,10000,2,0.298329,9.880430,15.006889
32,23,10000,32,0.300426,5.581702,1.013735
32,23,10000,4,0.297030,9.639663,7.580389
32,23,10000,8,0.308668,8.932778,3.828153
32,23,1000,16,0.298396,0.136227,0.027763
32,23,1000,1,0.281424,0.244398,0.301409
32,23,1000,2,0.263386,0.167748,0.156451
32,23,1000,32,0.282037,0.097035,0.022022
32,23,1000,4,0.276943,0.227574,0.082521
32,23,1000,8,0.308300,0.111802,0.044378
32,24,10000,16,0.293829,7.807989,1.992970
32,24,10000,1,0.299775,10.196185,29.613788
32,24,10000,2,0.298341,9.881678,15.005557
32,24,10000,32,0.300405,5.589200,1.006204
32,24,10000,4,0.297118,9.635484,7.584719
32,24,10000,8,0.308472,8.928403,3.832487
32,24,1000,16,0.298417,0.124011,0.039971
32,24,1000,1,0.282929,0.243220,0.302572
32,24,1000,2,0.263488,0.167102,0.157089
32,24,1000,32,0.281918,0.097422,0.021628
32,24,1000,4,0.276935,0.224856,0.085200
32,24,1000,8,0.308323,0.111838,0.044332
32,25,10000,16,0.293665,7.800322,2.000789
32,25,10000,1,0.299722,9.987104,29.822966
32,25,10000,2,0.298109,9.859671,15.027703
32,25,10000,32,0.300370,5.547217,1.048288
32,25,10000,4,0.297124,9.583778,7.636604
32,25,10000,8,0.308701,8.871755,3.889067
32,25,1000,16,0.298348,0.136129,0.027857
32,25,1000,1,0.283263,0.242104,0.303714
32,25,1000,2,0.263536,0.167134,0.157055
32,25,1000,32,0.282129,0.097296,0.021758
32,25,1000,4,0.276869,0.220843,0.089246
32,25,1000,8,0.296379,0.112056,0.044125
32,26,10000,16,0.293812,7.804589,1.996361
32,26,10000,1,0.300015,10.088537,29.721449
32,26,10000,2,0.298129,9.795860,15.091506
32,26,10000,32,0.300457,5.575282,1.020208
32,26,10000,4,0.297026,9.599566,7.620673
32,26,10000,8,0.308549,8.882005,3.878906
32,26,1000,16,0.298463,0.136126,0.027809
32,26,1000,1,0.283012,0.241377,0.304432
32,26,1000,2,0.263634,0.166938,0.157266
32,26,1000,32,0.281995,0.094581,0.024483
32,26,1000,4,0.276805,0.227749,0.082334
32,26,1000,8,0.308307,0.107261,0.048945
32,27,10000,16,0.293585,7.810822,1.990272
32,27,10000,1,0.299732,10.208448,29.601590
32,27,10000,2,0.298148,9.901501,14.985804
32,27,10000,32,0.300359,5.581889,1.013590
32,27,10000,4,0.297072,9.641912,7.578420
32,27,10000,8,0.308451,8.937424,3.823477
32,27,1000,16,0.298367,0.136377,0.027604
32,27,1000,1,0.282938,0.227136,0.318686
32,27,1000,2,0.263437,0.166996,0.157205
32,27,1000,32,0.282077,0.098003,0.021059
32,27,1000,4,0.277161,0.227389,0.082687
32,27,1000,8,0.308239,0.111876,0.044299
32,28,10000,16,0.293665,7.808406,1.992629
32,28,10000,1,0.299811,10.155590,29.654529
32,28,10000,2,0.298056,9.877796,15.009484
32,28,10000,32,0.300423,5.586154,1.009340
32,28,10000,4,0.297048,9.640323,7.579981
32,28,10000,8,0.308437,8.929948,3.830928
32,28,1000,16,0.298493,0.136300,0.027680
32,28,1000,1,0.282987,0.239774,0.305910
32,28,1000,2,0.263513,0.154019,0.170207
32,28,1000,32,0.281998,0.092851,0.026218
32,28,1000,4,0.276969,0.215353,0.094724
32,28,1000,8,0.308256,0.111863,0.044327
32,29,10000,16,0.293520,7.806101,1.994971
32,29,10000,1,0.299761,10.158648,29.651285
32,29,10000,2,0.298128,9.889004,14.998278
32,29,10000,32,0.300468,5.572090,1.023212
32,29,10000,4,0.297107,9.626115,7.594001
32,29,10000,8,0.308547,8.915768,3.845115
32,29,1000,16,0.298320,0.136440,0.027542
32,29,1000,1,0.283005,0.238368,0.307444
32,29,1000,2,0.263560,0.166663,0.157556
32,29,1000,32,0.281901,0.097748,0.021313
32,29,1000,4,0.276873,0.228414,0.081680
32,29,1000,8,0.308376,0.112386,0.043792
32,2,10000,16,0.293789,4.617434,5.183448
32,2,10000,1,0.299867,6.453484,33.356183
32,2,10000,2,0.298388,6.125664,18.761421
32,2,10000,32,0.300668,3.250822,3.344462
32,2,10000,4,0.297154,5.884927,11.335218
32,2,10000,8,0.308615,5.387943,7.372937
32,2,1000,16,0.298463,0.137190,0.026760
32,2,1000,1,0.283163,0.248957,0.296866
32,2,1000,2,0.263583,0.174112,0.150120
32,2,1000,32,0.282210,0.097134,0.021929
32,2,1000,4,0.277120,0.232367,0.077707
32,2,1000,8,0.308452,0.114217,0.041991
32,30,10000,16,0.293584,7.815046,1.985846
32,30,10000,1,0.299779,10.188995,29.621055
32,30,10000,2,0.298127,9.883527,15.003730
32,30,10000,32,0.300334,5.593321,1.002150
32,30,10000,4,0.296967,9.641251,7.579073
32,30,10000,8,0.308492,8.934637,3.826206
32,30,1000,16,0.298451,0.136684,0.027284
32,30,1000,1,0.282941,0.224727,0.321095
32,30,1000,2,0.263638,0.167338,0.156853
32,30,1000,32,0.281985,0.096997,0.022053
32,30,1000,4,0.276794,0.228742,0.081321
32,30,1000,8,0.308251,0.112381,0.043803
32,31,10000,16,0.293622,7.783551,2.017466
32,31,10000,1,0.299805,10.065414,29.744587
32,31,10000,2,0.298272,9.846893,15.040453
32,31,10000,32,0.300345,5.566548,1.028932
32,31,10000,4,0.297099,9.595190,7.625110
32,31,10000,8,0.308681,8.896177,3.864749
32,31,1000,16,0.298395,0.131899,0.032093
32,31,1000,1,0.282956,0.232726,0.313093
32,31,1000,2,0.263452,0.167278,0.156920
32,31,1000,32,0.281954,0.096687,0.022379
32,31,1000,4,0.276980,0.228886,0.081211
32,31,1000,8,0.308285,0.107630,0.048572
32,3,10000,16,0.293678,3.822905,5.983982
32,3,10000,1,0.300023,4.513610,35.305410
32,3,10000,2,0.298183,4.536436,20.359878
32,3,10000,32,0.300575,3.239015,3.359794
32,3,10000,4,0.297255,4.441903,12.784186
32,3,10000,8,0.308653,4.183355,8.583208
32,3,1000,16,0.298467,0.137417,0.026579
32,3,1000,1,0.283105,0.248110,0.297705
32,3,1000,2,0.263629,0.173903,0.150328
32,3,1000,32,0.282254,0.097719,0.021338
32,3,1000,4,0.277061,0.232732,0.077367
32,3,1000,8,0.308427,0.114139,0.042069
32,4,10000,16,0.293806,7.799302,2.001835
32,4,10000,1,0.299899,9.989243,29.820892
32,4,10000,2,0.298309,9.798156,15.089201
32,4,10000,32,0.300576,5.565536,1.029926
32,4,10000,4,0.297337,9.591984,7.628337
32,4,10000,8,0.308755,8.902212,3.858571
32,4,1000,16,0.298598,0.136396,0.027571
32,4,1000,1,0.283186,0.248872,0.296813
32,4,1000,2,0.263542,0.173864,0.150352
32,4,1000,32,0.282029,0.097790,0.021265
32,4,1000,4,0.277090,0.232434,0.077649
32,4,1000,8,0.295781,0.113592,0.042608
32,5,10000,16,0.293780,7.802959,1.998030
32,5,10000,1,0.299978,10.013356,29.796759
32,5,10000,2,0.298317,9.796569,15.090814
32,5,10000,32,0.300593,5.555415,1.040049
32,5,10000,4,0.297315,9.581200,7.639008
32,5,10000,8,0.308675,8.876154,3.884750
32,5,1000,16,0.298377,0.137481,0.026500
32,5,1000,1,0.283061,0.249012,0.296803
32,5,1000,2,0.263691,0.173526,0.150689
32,5,1000,32,0.282092,0.097373,0.021684
32,5,1000,4,0.277020,0.230123,0.079976
32,5,1000,8,0.308374,0.113125,0.043074
32,6,10000,16,0.293743,7.769913,2.031159
32,6,10000,1,0.299971,9.881614,29.928653
32,6,10000,2,0.298207,9.767376,15.120128
32,6,10000,32,0.300471,4.967911,1.627867
32,6,10000,4,0.297356,9.552539,7.667838
32,6,10000,8,0.308632,8.889604,3.871385
32,6,1000,16,0.298455,0.137205,0.026765
32,6,1000,1,0.283092,0.249198,0.296618
32,6,1000,2,0.263577,0.170143,0.154075
32,6,1000,32,0.281986,0.098491,0.020582
32,6,1000,4,0.277033,0.229996,0.080095
32,6,1000,8,0.308470,0.113613,0.042560
32,7,10000,16,0.293932,7.805249,1.995832
32,7,10000,1,0.300098,10.083272,29.726656
32,7,10000,2,0.298301,9.856314,15.031046
32,7,10000,32,0.300656,5.582894,1.012607
32,7,10000,4,0.297309,9.619630,7.600726
32,7,10000,8,0.308828,8.913406,3.847532
32,7,1000,16,0.298798,0.136905,0.027090
32,7,1000,1,0.283094,0.248785,0.297033
32,7,1000,2,0.263579,0.173458,0.150725
32,7,1000,32,0.282066,0.097268,0.021802
32,7,1000,4,0.277139,0.232407,0.077681
32,7,1000,8,0.308466,0.114303,0.041888
32,8,10000,16,0.293830,7.801797,1.999252
32,8,10000,1,0.299869,10.114599,29.695374
32,8,10000,2,0.298339,9.831127,15.056207
32,8,10000,32,0.300452,5.572922,1.022435
32,8,10000,4,0.297242,9.613663,7.606561
32,8,10000,8,0.308781,8.915628,3.845239
32,8,1000,16,0.298549,0.137803,0.026177
32,8,1000,1,0.283174,0.258253,0.287542
32,8,1000,2,0.263557,0.178277,0.145940
32,8,1000,32,0.282038,0.098413,0.020641
32,8,1000,4,0.277113,0.228501,0.081571
32,8,1000,8,0.308368,0.110128,0.046069
32,9,10000,16,0.293786,7.802098,1.998971
32,9,10000,1,0.299899,10.002623,29.807325
32,9,10000,2,0.298187,9.843895,15.043322
32,9,10000,32,0.300658,5.581164,1.014323
32,9,10000,4,0.297233,9.604601,7.615545
32,9,10000,8,0.308616,8.919640,3.841286
32,9,1000,16,0.298513,0.138021,0.025957
32,9,1000,1,0.283123,0.258125,0.287697
32,9,1000,2,0.263589,0.178211,0.145983
32,9,1000,32,0.281926,0.098752,0.020309
32,9,1000,4,0.277054,0.221764,0.088334
32,9,1000,8,0.308533,0.103661,0.052552
4,0,10000,16,0.333786,0.114770,26.569853
4,0,10000,1,0.316902,0.086979,248.720412
4,0,10000,2,0.317350,0.083549,129.335971
4,0,10000,32,0.314915,0.406098,22.897380
4,0,10000,4,0.326446,0.104694,70.298082
4,0,10000,8,0.317689,0.117163,40.475368
4,0,1000,16,0.179251,0.124964,0.157799
4,0,1000,1,0.192757,0.219912,2.322186
4,0,1000,2,0.179619,0.188358,1.163840
4,0,1000,32,0.186886,0.095240,0.085646
4,0,1000,4,0.192155,0.149413,0.583962
4,0,1000,8,0.193910,0.136830,0.295374
4,1,10000,16,0.333088,9.352063,17.323779
4,1,10000,1,0.317202,10.655274,238.143444
4,1,10000,2,0.317374,9.760922,119.650284
4,1,10000,32,0.315529,6.903731,16.394600
4,1,10000,4,0.325936,10.215167,60.178935
4,1,10000,8,0.317331,10.102082,30.481426
4,1,1000,16,0.179788,0.126803,0.155950
4,1,1000,1,0.193054,0.220030,2.322060
4,1,1000,2,0.179422,0.187690,1.164522
4,1,1000,32,0.186510,0.095040,0.085848
4,1,1000,4,0.192265,0.150042,0.583322
4,1,1000,8,0.193471,0.137571,0.294631
4,2,10000,16,0.333603,9.431052,17.244747
4,2,10000,1,0.316864,10.887546,237.911285
4,2,10000,2,0.317167,9.674418,119.736929
4,2,10000,32,0.315434,6.602799,16.695455
4,2,10000,4,0.326226,10.178065,60.216079
4,2,10000,8,0.317307,10.032612,30.551104
4,2,1000,16,0.179199,0.077611,0.205170
4,2,1000,1,0.193084,0.146821,2.395270
4,2,1000,2,0.179675,0.122493,1.229723
4,2,1000,32,0.179683,0.055640,0.125247
4,2,1000,4,0.192131,0.090205,0.643178
4,2,1000,8,0.193831,0.081078,0.351103
4,3,10000,16,0.333718,9.327459,17.348460
4,3,10000,1,0.317497,10.910304,237.888227
4,3,10000,2,0.317205,9.658775,119.752527
4,3,10000,32,0.315474,6.512086,16.786165
4,3,10000,4,0.326242,10.120845,60.273087
4,3,10000,8,0.317734,10.032219,30.551492
4,3,1000,16,0.179987,0.083504,0.199275
4,3,1000,1,0.193125,0.067548,2.474544
4,3,1000,2,0.179768,0.088077,1.264143
4,3,1000,32,0.180343,0.067299,0.113585
4,3,1000,4,0.192201,0.077231,0.656155
4,3,1000,8,0.193775,0.080230,0.351958
8,0,10000,16,0.256249,0.461447,17.829526
8,0,10000,1,0.251131,0.838400,128.282414
8,0,10000,2,0.240125,0.615771,69.414039
8,0,10000,32,0.235821,6.311599,15.047093
8,0,10000,4,0.231355,0.519903,39.780542
8,0,10000,8,0.242607,0.499712,24.784548
8,0,1000,16,0.177223,0.175666,0.080786
8,0,1000,1,0.177627,0.468529,1.163400
8,0,1000,2,0.166444,0.407827,0.582644
8,0,1000,32,0.167671,0.215232,0.049556
8,0,1000,4,0.184498,0.305724,0.306109
8,0,1000,8,0.182748,0.284005,0.161529
8,1,10000,16,0.256040,9.561949,8.723179
8,1,10000,1,0.250673,10.041086,119.071297
8,1,10000,2,0.240079,10.163207,59.857941
8,1,10000,32,0.235756,13.087789,8.265594
8,1,10000,4,0.230988,10.152938,30.138722
8,1,10000,8,0.242465,9.970183,15.305226
8,1,1000,16,0.177120,0.163425,0.093032
8,1,1000,1,0.177379,0.469382,1.162544
8,1,1000,2,0.166240,0.407335,0.583099
8,1,1000,32,0.167419,0.205566,0.059223
8,1,1000,4,0.184341,0.318638,0.293209
8,1,1000,8,0.182435,0.282089,0.163437
8,2,10000,16,0.246756,9.541422,8.743776
8,2,10000,1,0.250866,9.796506,119.316382
8,2,10000,2,0.239878,10.163158,59.858059
8,2,10000,32,0.236047,13.141851,8.211231
8,2,10000,4,0.230783,10.139540,30.152187
8,2,10000,8,0.242571,9.928208,15.347155
8,2,1000,16,0.177170,0.175641,0.080833
8,2,1000,1,0.177441,0.468643,1.163283
8,2,1000,2,0.166238,0.408596,0.581869
8,2,1000,32,0.167329,0.217140,0.047627
8,2,1000,4,0.184289,0.305839,0.305993
8,2,1000,8,0.182485,0.284559,0.160972
8,3,10000,16,0.256022,9.586643,8.698606
8,3,10000,1,0.250905,10.192943,118.919764
8,3,10000,2,0.239986,10.153877,59.867270
8,3,10000,32,0.235911,5.678411,15.685331
8,3,10000,4,0.231123,10.160718,30.131076
8,3,10000,8,0.242630,9.971969,15.303410
8,3,1000,16,0.177073,0.149563,0.106922
8,3,1000,1,0.177551,0.442035,1.189885
8,3,1000,2,0.166228,0.381223,0.609240
8,3,1000,32,0.167389,0.193023,0.071776
8,3,1000,4,0.184255,0.292066,0.319785
8,3,1000,8,0.182475,0.295786,0.149750
8,4,10000,16,0.246819,9.547305,8.737899
8,4,10000,1,0.251011,10.140131,118.972683
8,4,10000,2,0.239905,10.150488,59.870766
8,4,10000,32,0.236032,13.102327,8.250814
8,4,10000,4,0.231262,10.147571,30.143857
8,4,10000,8,0.242511,9.962028,15.313268
8,4,1000,16,0.177090,0.148279,0.108177
8,4,1000,1,0.177490,0.400892,1.231055
8,4,1000,2,0.166160,0.386525,0.603953
8,4,1000,32,0.167306,0.198347,0.066431
8,4,1000,4,0.184354,0.297509,0.314329
8,4,1000,8,0.182469,0.277196,0.168328
8,5,10000,16,0.246486,9.576478,8.708667
8,5,10000,1,0.250879,10.212255,118.900362
8,5,10000,2,0.240006,10.147009,59.874140
8,5,10000,32,0.235927,13.138222,8.215115
8,5,10000,4,0.231055,10.171637,30.120064
8,5,10000,8,0.242420,9.969159,15.306245
8,5,1000,16,0.176976,0.150791,0.105675
8,5,1000,1,0.177467,0.403000,1.228922
8,5,1000,2,0.166287,0.365584,0.624889
8,5,1000,32,0.167353,0.203618,0.061169
8,5,1000,4,0.184208,0.281076,0.330765
8,5,1000,8,0.182454,0.252532,0.192986
8,6,10000,16,0.255863,9.537800,8.747339
8,6,10000,1,0.251020,9.455957,119.657133
8,6,10000,2,0.239656,9.815066,60.206258
8,6,10000,32,0.235973,13.092429,8.260676
8,6,10000,4,0.231091,9.937372,30.354450
8,6,10000,8,0.242108,9.820597,15.454859
8,6,1000,16,0.177102,0.154964,0.101511
8,6,1000,1,0.177525,0.389433,1.242483
8,6,1000,2,0.166230,0.358747,0.631667
8,6,1000,32,0.167362,0.203410,0.061372
8,6,1000,4,0.184208,0.272699,0.339122
8,6,1000,8,0.182365,0.258715,0.186819
8,7,10000,16,0.256184,9.607278,8.678007
8,7,10000,1,0.251201,8.322535,120.790978
8,7,10000,2,0.239931,9.575627,60.445798
8,7,10000,32,0.236154,13.189083,8.163937
8,7,10000,4,0.231219,9.947110,30.344713
8,7,10000,8,0.242117,9.862751,15.412695
8,7,1000,16,0.176824,0.162368,0.094090
8,7,1000,1,0.177204,0.387323,1.244607
8,7,1000,2,0.165852,0.356759,0.633715
8,7,1000,32,0.167332,0.211054,0.053723
8,7,1000,4,0.184188,0.286035,0.325825
8,7,1000,8,0.182413,0.274196,0.171333
